ace,9788017.927576544,1579,77,2010-05-26 23:38:08,9,23,2,2,True,-4,67,10,0,,-1,,4022,19,1858,0.0010720897460694647,19.66,42,0,6,15,8.611501326733114,235,2011-12-21,2020-06-17,12,https://github.com/apache/ace
apisix,901329.6034821316,27592,30442,2019-04-10 02:02:05,125,2452,-223,5,False,-15,1044,383,2413,,7498,,67462,2162,2406,0.009605313577723847,7.48,41,1,0,12,26.86967497633323,415,2020-07-15,2024-07-12,12,https://github.com/apache/apisix
abdera,2938138.296738281,335,61,2009-05-21 03:21:27,34,25,1,2,True,-2,121,11,0,,-1,,26165,35,1611,0.017543859649122806,55.18,40,1,0,2,9.878605181684863,274,2008-11-08,2020-11-26,12,https://github.com/apache/abdera
accumulo,13758961.065113984,33367,2552,2011-10-06 07:00:09,-5,444,93,3,False,5,537,212,1473,,56361,,33674,360,13050,0.02175910255790339,51.42,0,10,23,61,19.842345198603667,469,2012-03-21,2024-07-11,12,https://github.com/apache/accumulo
activemq,Issues missing,Issues missing,5997,2009-05-21 01:33:45,118,1439,38,4,False,4,Commits or Issues or PRs missing,179,1515,,16514,,78961,236,14487,Issues missing,107.74,17,4,12,43,28.392892896125453,235,2007-02-06,2024-07-12,12,https://github.com/apache/activemq
airavata,6952636.983029673,14192,324,2014-01-29 08:00:06,341,114,0,5,False,-7,304,112,1112,,83692,,46472,303,10526,0.015394894854222536,2.27,0,50,95,340,49.89738327347358,323,2012-09-19,2024-07-11,12,https://github.com/apache/airavata
airflow,1023938.229337128,50648,84544,2015-04-13 18:04:58,-487,13814,-349,4,False,-18,4179,2344,9195,,41025,,40952,6612,28567,0.018359836313202055,111.75,16,2,36,21,21.64810932948575,326,2018-12-19,2024-07-13,12,https://github.com/apache/airflow
allura,Issues missing,Issues missing,285,2014-04-05 07:00:06,171,33,0,4,False,-7,Commits or Issues or PRs missing,40,0,,-1,,71850,1377,13610,Issues missing,42.72,40,0,9,11,13.989588134811962,245,2014-03-19,2024-07-10,12,https://github.com/apache/allura
ambari,765781.3315203603,97117,5893,2011-09-23 07:00:08,1063,1667,6,14,False,-22,1666,301,4044,,73203,,31139,2382,35483,0.04916608473943193,68.85,0,25,57,137,19.7611814247006,437,2013-11-20,2024-07-10,12,https://github.com/apache/ambari
any23,13348221.226230945,2182,243,2012-06-04 07:00:25,49,55,1,2,True,-3,118,37,231,,73794,,23361,168,1952,0.004649651276154288,83.04,24,1,1,2,3.243721433135106,159,2012-08-28,2023-07-02,12,https://github.com/apache/any23
apex-core,1396136.5372975792,2161,878,2015-08-25 07:00:05,69,176,-45,3,True,-16,112,48,3,,12149,,80363,318,5979,0.018842439386776523,49.37,29,5,8,25,7.6065396405601975,533,2016-04-20,2021-04-09,12,https://github.com/apache/apex-core
aries,6276092.744544736,5944,383,2009-09-30 08:00:10,1526,155,1,7,False,-16,458,52,454,,-1,,6761,164,20683,0.01830544709532788,61.24,34,2,3,14,11.762656022302478,180,2010-12-15,2024-06-03,12,https://github.com/apache/aries
asterixdb,2026352.3108965103,5004,702,2015-03-10 19:06:29,82,138,0,5,False,7,172,58,0,,-1,,38214,930,8880,0.013585632902009785,21.82,0,15,20,116,15.093468110387763,894,2016-04-20,2024-07-12,12,https://github.com/apache/asterixdb
atlas,4064172.445812565,10541,17716,2017-02-28 06:31:43,342,1476,-3,1,False,-8,511,20,204,,-1,,56893,165,1805,0.03426157141673669,4.77,0,34,24,146,37.58379160014407,1391,2017-06-21,2024-07-02,12,https://github.com/alibaba/atlas
aurora,4232884.336787762,3291,8243,2022-08-19 13:39:16,0,633,0,1,False,0,176,10,386,,-1,,45940,62,358,0.10753424657534247,0.0,5,0,0,0,16.552894442516102,71,2015-03-18,2024-07-07,12,https://github.com/linhaojun857/aurora
age,3819620.014249615,4059,6087,2020-07-01 06:15:47,-114,401,37,5,False,13,162,59,578,,63875,,81544,269,1188,0.0007904797493460576,5.09,35,2,11,20,15.380107166778298,279,2022-05-18,2024-07-11,12,https://github.com/apache/age
amber,1416990.0503432495,2611,5340,2017-04-17 18:02:35,0,204,0,3,False,0,204,117,674,,1731,,45152,187,1306,0.0,0.15,0,0,0,0,7.993363999698364,21,2013-01-16,2024-06-12,12,https://github.com/amberframework/amber
activemq-apollo,2006277.8695652173,19,375,2011-01-28 08:00:12,0,71,0,1,True,0,24,15,0,,-1,,3439,231,2039,0.0011686443725278676,22.47,35,1,7,13,9.322922125563359,226,2005-06-03,2019-03-11,12,https://github.com/apache/activemq-apollo
incubator-batchee,Issues missing,Issues missing,47,2013-11-05 08:00:13,0,19,PRs missing,1,True,0,Commits or Issues or PRs missing,0,0,,PRs missing,,PRs missing,14,267,Issues missing,34.75,29,0,1,3,8.251732233865887,126,2019-12-10,2023-05-22,12,https://github.com/apache/incubator-batchee
beam,11782722.634169074,72993,19564,2016-02-02 08:00:06,-563,4198,-42,36,False,170,4461,1726,6636,,13153,,454,5894,79745,0.013088355000119706,75.63,0,17,79,149,12.888702257245757,2003,2016-12-21,2024-07-14,12,https://github.com/apache/beam
bval,7829269.789685184,421,107,2011-02-02 08:00:07,59,29,20,2,False,-2,86,19,141,,-1,,71588,67,1561,0.037832929782082324,32.81,12,0,0,0,5.550424049038543,67,2012-02-15,2024-07-11,12,https://github.com/apache/bval
Bigtop,2239355.087712103,21116,1685,2011-08-04 16:09:56,39,497,8,5,False,-5,685,219,528,,7303,,68013,421,3824,0.04199438481909958,202.59,6,0,1,0,12.363922038083125,83,2012-09-19,2024-07-12,12,https://github.com/apache/Bigtop
Bloodhound,Issues missing,Issues missing,329,2013-04-08 07:20:19,254,37,1,1,True,-10,Commits or Issues or PRs missing,20,0,,-1,,46401,71,1483,Issues missing,33.49,6,7,6,28,14.788732394366198,339,2013-03-20,2023-04-15,12,https://github.com/apache/Bloodhound
brooklyn,5337527.811984751,2119,346,2015-12-02 08:00:06,22,70,-2,1,True,-6,89,23,6,,-1,,26297,83,2506,0.5772151898734177,0.0,0,0,0,0,0.0,0,2015-11-18,2024-07-11,12,https://github.com/apache/brooklyn
Buildr,14307120.323351242,2183,368,2009-05-21 03:16:15,159,90,2,3,True,-3,186,26,435,,-1,,71886,7,4393,0.04629035706649562,7.7,27,0,4,3,11.341433039050175,106,2009-02-23,2022-07-07,12,https://github.com/apache/Buildr
cxf,5305442.43280377,28021,3135,2014-02-19 08:00:08,-269,1427,76,2,False,3,3364,280,540,,22704,,81450,987,38174,0.04029562748024903,122.24,0,1,18,78,10.954682545820122,270,2008-04-16,2024-07-12,12,https://github.com/apache/cxf
calcite,2703570.3499742015,36455,11246,2014-06-25 07:00:07,54,2314,57,2,False,6,1591,436,1586,,25377,,74996,1073,4904,0.03934204004006029,51.01,0,6,34,64,5.842364724754489,474,2015-10-22,2024-07-12,12,https://github.com/apache/calcite
carbondata,2573552.0577221178,4427,3562,2016-06-28 07:00:06,483,704,-342,6,False,-56,467,177,257,,-1,,38704,852,5208,0.027771365252320053,69.03,0,11,6,97,11.891818223117344,361,2017-04-19,2024-07-06,12,https://github.com/apache/carbondata
cassandra,3227039.5237649814,151438,20788,2009-05-21 02:10:09,37,3572,99,10,False,34,4862,583,789,,49549,,34656,15937,15638,0.024783786973758208,96.35,12,3,31,46,5.020485683911272,420,2010-02-17,2024-07-12,12,https://github.com/apache/cassandra
Cayenne,6577428.130723387,5902,759,2009-05-21 01:05:37,96,133,4,2,False,0,379,69,0,,79622,,56294,2111,6554,0.015116948465917572,68.57,0,8,5,28,11.015244726879395,1258,2006-12-20,2024-07-12,12,https://github.com/apache/Cayenne
celeborn,888140.8746164137,342,1984,2021-12-10 08:57:16,0,338,-73,5,False,0,72,0,1031,,62324,,35643,684,1950,0.00911526284660613,38.74,38,1,7,24,14.674099330699429,322,2024-03-21,2024-07-13,12,https://github.com/apache/celeborn
celix,9461165.844177874,1268,403,2014-08-09 07:00:07,-18,85,7,2,False,0,73,40,1104,,47614,,16378,1869,2882,0.014587106564197955,6.08,40,1,6,10,10.43337983955354,154,2014-07-16,2024-07-11,12,https://github.com/apache/celix
Chemistry,3686599.8813372506,3096,22,2009-05-21 02:28:25,227,8,PRs missing,2,False,-10,Commits or Issues or PRs missing,11,0,,PRs missing,,PRs missing,25,482,0.1762496388327073,0.0,0,0,0,0,NaN,0,2010-02-16,2022-01-26,12,https://github.com/apache/Chemistry
Chukwa,2653716.3200955587,560,213,2012-04-07 07:00:24,19,45,0,1,True,-2,31,9,0,,-1,,34723,556,548,0.007568359375,15.01,38,1,6,17,12.52034649853131,385,2013-09-27,2019-07-05,12,https://github.com/apache/Chukwa
Clerezza,2862894.8425464923,976,103,2011-02-12 08:00:07,117,29,1,1,False,-4,44,17,1,,-1,,68927,314,3798,0.01443277457049454,30.72,5,0,2,1,6.523757932208636,228,2013-02-20,2022-05-20,12,https://github.com/apache/Clerezza
Click,4661232.728844296,882,36,2013-11-08 08:00:11,272,12,PRs missing,1,True,-5,Commits or Issues or PRs missing,8,0,,PRs missing,,PRs missing,570,10443,0.00293968326755212,21.34,43,1,5,7,13.827496316445654,194,2009-11-18,2015-09-14,12,https://github.com/apache/Click
cloudstack,2080764.2270408163,16555,4792,2013-04-29 22:27:12,2405,1072,66,16,False,-61,775,607,2707,,74294,,56320,612,50854,0.000814766383342554,44.65,0,48,151,257,23.51793355806089,540,2013-03-20,2024-07-23,12,https://github.com/apache/cloudstack
incubator-CommonsRDF,3116378.3989677425,193,133,2015-03-19 07:00:05,8,43,-1,2,False,0,38,15,0,,-1,,69811,229,1491,0.005708848715509039,71.25,2,0,0,0,5.288736420811892,91,2016-11-28,2024-07-12,12,https://github.com/apache/incubator-CommonsRDF
cordova,1748916.7862903227,1151,1264,2018-02-13 10:02:11,0,62,0,1,True,0,73,11,2,,27,,36686,24,25,0.0,0.0,0,0,0,0,NaN,0,2012-10-17,2024-07-08,12,https://github.com/apache/cordova
CouchDB,17370697.99749606,27675,13234,2009-05-21 02:03:38,142,1018,3,2,False,4,1695,289,3943,,74697,,23859,571,17018,0.05584403542120636,45.44,25,9,27,22,15.131052153952917,446,2008-11-19,2024-07-12,12,https://github.com/apache/CouchDB
Crunch,438762.56447754515,3418,293,2012-10-19 07:00:12,52,85,1,1,True,-6,190,55,0,,-1,,61888,57,1217,0.0467412771560237,18.36,20,0,0,4,14.26175538853345,114,2013-02-20,2021-02-02,12,https://github.com/apache/Crunch
Curator,8543990.76894107,4215,7406,2014-03-03 08:00:07,67,1236,5,2,False,-2,580,139,1092,,3771,,3988,297,2764,0.03545716342692585,98.19,13,0,1,0,9.302192126707219,78,2013-09-01,2024-06-21,12,https://github.com/apache/Curator
Daffodil,19028044.231168017,2471,253,2017-08-29 07:00:10,4,73,-34,2,False,-3,57,21,0,,5835,,44482,154,3934,0.009129213483146067,67.37,32,3,11,11,8.760543113873284,740,2021-02-17,2024-07-10,12,https://github.com/apache/Daffodil
DataFu,16224143.333162652,225,294,2014-01-14 08:00:07,5,66,0,1,False,0,33,15,0,,202,,73929,145,526,0.0013168724279835392,64.74,17,0,0,6,20.682749203459263,181,2018-02-21,2024-07-10,12,https://github.com/apache/DataFu
DataSketches,5524025.4081,14,176,2019-05-08 19:29:09,3,10,0,1,True,-1,5,2,0,,-1,,376,509,112,5.340168749332479e-05,0.0,0,0,0,0,0.0,0,2020-12-16,2024-06-13,12,https://github.com/apache/DataSketches
DeltaSpike,7193572.719667012,3852,433,2013-06-04 07:00:12,-17,137,5,2,False,-3,310,72,1228,,-1,,14317,64,2628,0.043863786435241955,83.62,38,0,0,8,3.312295973884657,141,2013-05-28,2024-05-21,12,https://github.com/apache/DeltaSpike
Deltacloud,1942697.7177250981,2104,169,2010-07-29 23:31:00,167,25,0,2,True,-5,103,33,0,,-1,,65397,88,2586,0.034282064021577116,159.19,14,0,2,0,27.735445895823254,94,2011-10-26,2020-09-22,12,https://github.com/apache/Deltacloud
Derby,7317177.814795682,66972,818,2011-06-19 07:00:34,88,140,0,4,False,-11,1063,37,0,,-1,,67715,117,8152,0.04954986969912343,95.1,0,22,53,170,10.741400427322358,901,2005-07-18,2024-07-02,12,https://github.com/apache/Derby
DirectMemory,1849309.6265779824,135,136,2011-10-15 07:00:08,76,28,1,1,True,-5,26,7,0,,-1,,76108,10,643,0.008926627476594819,40.69,3,0,2,0,7.289701062667594,78,2012-08-15,2023-12-16,12,https://github.com/apache/DirectMemory
DistributedLog,1494305.4623906256,180,440,2016-07-22 07:00:06,40,74,-22,1,True,-4,21,9,0,,75865,,25760,53,310,0.005411346918068826,43.83,40,1,6,10,5.70827425330467,136,2017-07-01,2023-04-17,12,https://github.com/apache/DistributedLog
DolphinScheduler,758930.9804658152,22365,29384,2019-03-01 16:39:25,71,4506,-134,12,False,-1,769,391,2355,,60410,,26689,1619,9270,0.01343059411552959,30.91,41,1,7,40,18.12270828003752,494,2021-03-17,2024-07-12,12,https://github.com/apache/DolphinScheduler
incubator-Doris,1725646.2921501705,7486,26907,2017-08-10 12:13:30,-3453,3129,-1541,16,False,-8,792,291,8227,,84653,,13055,5005,27023,0.0,38.77,0,50,132,464,26.528889782873037,1039,2022-06-15,2024-07-14,12,https://github.com/apache/incubator-Doris
Drill,4160190.3085112846,52091,4831,2012-09-05 07:00:26,146,983,11,9,False,-13,1115,227,669,,1272,,23006,264,4496,0.07810551390737756,58.78,0,9,9,57,11.353865257781475,358,2014-11-19,2024-07-11,12,https://github.com/apache/Drill
Druid,17795523.673546858,8766,30275,2012-10-23 19:08:07,-145,3657,44,7,False,26,654,278,2924,,80283,,84603,4255,11903,0.0021915280140719167,118.46,0,5,39,181,17.606106537059308,644,2019-12-18,2024-07-13,12,https://github.com/apache/Druid
Dubbo,3568030.261752914,18928,106830,2012-06-19 07:56:02,139,26350,-265,6,False,-31,1457,514,4006,,84701,,67118,395,8868,0.014962458812726192,73.21,33,2,3,15,11.023236084272046,260,2019-05-15,2024-07-13,12,https://github.com/apache/Dubbo
ECharts,6254384.54312573,26835,138936,2013-04-03 03:18:59,166,19576,-57,2,False,-9,1163,139,3318,,59890,,35500,361,9309,0.016325649372218164,143.57,31,1,4,89,15.36511346180265,211,2020-12-16,2024-07-13,12,https://github.com/apache/ECharts
ESME,4435278.189178218,355,46,2010-05-26 23:38:08,97,12,1,2,True,-5,16,7,0,,-1,,58383,90,2060,0.04081033470346448,12.3,5,0,0,0,14.701921899865345,98,2010-12-15,2023-06-13,12,https://github.com/apache/ESME
Eagle,1588072.006220073,1065,995,2015-11-18 08:00:06,110,181,-121,3,True,-15,80,26,0,,-1,,62996,134,990,0.011411428250995346,29.28,42,1,0,9,15.599232616346288,246,2016-12-21,2020-11-20,12,https://github.com/apache/Eagle
Empire-db,12525233.49368811,779,190,2011-07-14 07:03:04,11,24,0,1,False,0,49,15,0,,-1,,32762,144,1700,0.01044841097083152,4.71,31,8,3,6,51.93314590802404,140,2012-01-24,2024-07-12,12,https://github.com/apache/Empire-db
Etch,11666261.171568867,107,43,2009-03-27 15:41:55,27,9,PRs missing,3,False,-2,Commits or Issues or PRs missing,1,0,,PRs missing,,PRs missing,216,455,0.0054585152838427945,92.36,36,1,3,5,11.387594119756185,213,2013-01-16,2015-05-18,12,https://github.com/apache/Etch
EventMesh,4189583.6549390242,2174,3769,2019-09-16 03:04:56,532,623,-437,5,False,-52,175,121,2625,,53866,,13132,1432,4857,7.117336408022661e-05,9.48,32,2,10,46,22.075353753480705,1019,2023-02-15,2024-07-14,12,https://github.com/apache/EventMesh
Falcon,1868437.627718405,7425,317,2013-07-20 07:00:14,82,117,-2,6,False,-7,161,50,0,,-1,,28092,1258,1298,0.0368270169801216,64.57,39,2,4,21,12.483862810599305,327,2014-12-17,2019-07-25,12,https://github.com/apache/Falcon
Felix,5142729.431256367,25233,896,2009-05-20 02:00:07,310,322,0,2,False,-7,1365,60,0,,-1,,69377,2303,35027,0.038252949699855106,0.0,0,0,0,0,NaN,0,2007-04-01,2024-07-09,12,https://github.com/apache/Felix
Fineract,9656785.984694434,5973,4050,2015-12-22 08:00:06,-30,1542,6,11,False,12,461,141,564,,30755,,72769,544,7464,0.012892469423338805,41.58,0,7,29,101,20.08146023841439,578,2017-04-19,2024-07-12,12,https://github.com/apache/Fineract
incubator-Flagon,17518627.769230768,27,65,2017-01-12 08:00:06,-1,15,2,2,False,1,10,3,0,,25304,,785,117,144,0.0,0.0,42,0,8,10,23.395102581072138,267,2023-04-22,2024-05-16,12,https://github.com/apache/incubator-Flagon
Flume,11704806.925416945,12667,6604,2011-08-12 18:20:14,248,1568,1,4,False,-14,1025,95,184,,-1,,86396,41,2807,0.03768732819012149,98.9,46,0,1,7,8.636832500198366,185,2012-06-20,2024-05-12,12,https://github.com/apache/Flume
Fluo,8056326.837037037,436,448,2013-06-19 20:14:05,41,78,-31,2,True,-9,34,30,86,,41118,,40920,203,885,0.013747228381374724,52.38,15,0,2,2,17.636709128017454,140,2017-07-19,2024-03-27,12,https://github.com/apache/Fluo
FreeMarker,2172687.1029326427,530,2158,2015-09-04 07:00:05,26,262,-1,1,False,0,131,25,0,,-1,,37248,540,3163,0.004669069462647444,73.51,2,13,7,26,8.418863007749103,264,2018-03-21,2024-07-09,12,https://github.com/apache/FreeMarker
FtpServer,4380432.478579778,1368,213,2011-04-21 07:00:07,30,57,0,1,True,-2,205,9,0,,-1,,45016,79,1084,0.02929860905593371,59.71,21,0,0,6,12.512358563111063,149,2007-12-18,2023-07-10,12,https://github.com/apache/FtpServer
Geode,3973503.7176498156,48577,5240,2015-04-30 07:00:05,416,684,-109,3,False,-42,488,218,561,,49320,,13785,1810,11482,0.02425738171469228,22.39,0,8,73,179,16.539515379666913,1599,2016-11-16,2024-07-02,12,https://github.com/apache/Geode
Geronimo,5353122.073008941,1937,90,2009-07-01 08:09:43,370,22,1,4,True,-11,167,61,0,,-1,,6186,1082,15550,0.002156340654169422,25.16,0,4,10,60,19.08079888683134,350,2004-05-26,2023-07-25,12,https://github.com/apache/Geronimo
Giraph,1298573.5597413937,6396,1533,2011-08-28 07:00:33,54,299,2,4,True,-5,261,54,0,,-1,,39915,9,1165,0.020250723240115717,18.25,42,0,2,19,7.487871757013289,179,2012-05-16,2023-04-14,12,https://github.com/apache/Giraph
Gobblin,1098363.107780876,797,5162,2014-12-01 18:10:50,-15,746,-48,10,False,-7,125,46,346,,1097,,72080,325,6119,0.005651288448676231,48.95,41,0,0,14,8.002346366990322,245,2021-01-20,2024-07-13,12,https://github.com/apache/Gobblin
Gora,8514490.679457834,4852,351,2014-05-19 07:00:07,84,119,0,5,False,-7,229,83,146,,64072,,63300,386,1242,0.018000669792364365,32.07,33,0,0,5,15.517833301544917,185,2012-01-15,2024-06-27,12,https://github.com/apache/Gora
Griffin,3495791.242364961,427,2820,2017-02-15 08:00:06,24,588,-16,5,False,-5,143,37,545,,49903,,59963,252,864,0.004185424873382105,25.33,5,0,1,1,19.287151480310435,102,2018-11-21,2024-07-10,12,https://github.com/apache/Griffin
Groovy,11021579.950147426,14977,12146,2015-04-16 07:00:05,-4,1868,-54,5,False,-18,1279,280,10288,,48411,,43412,749,37570,0.034280485229592435,98.22,0,9,26,39,5.842585959885387,340,2015-11-18,2024-07-13,12,https://github.com/apache/Groovy
incubator-Guacamole,3919637.179717367,6684,2,2016-02-11 08:00:06,Commits missing,0,PRs missing,0,Commits missing,Commits missing,Commits or Issues or PRs missing,Commits missing,PRs or commits missing,,PRs missing,,PRs missing,Commits missing,Commits missing,0,0.0,0,0,0,0,NaN,0,2017-11-15,2024-08-15,12,https://github.com/apache/incubator-Guacamole
HAWQ,1500340.8587483051,534,1721,2015-09-05 07:00:05,14,327,-8,1,True,-7,60,23,94,,17846,,58494,211,2721,0.005026888646467748,17.8,0,31,196,227,17.08381935344582,651,2018-08-15,2024-05-16,12,https://github.com/apache/HAWQ
HCatalog,1505300.596588132,161,170,2011-04-14 07:00:07,14,48,1,2,True,-3,29,4,0,,-1,,-1,593,113,0.10196394942157654,82.51,24,2,0,3,6.897921355752681,156,2013-02-13,2023-04-14,12,https://github.com/apache/HCatalog
Hama,2016328.7287991385,3471,335,2010-08-25 07:00:06,123,75,1,2,False,-5,96,25,0,,-1,,77305,553,1171,0.003947085927565193,13.52,30,0,2,4,10.131879279736241,170,2012-05-16,2020-02-11,12,https://github.com/apache/Hama
Harmony,1158840.38778382,26045,207,2010-05-26 23:38:08,13,39,PRs missing,1,False,-2,Commits or Issues or PRs missing,22,0,,PRs missing,,PRs missing,61,1389,0.07446035699460357,63.54,0,50,126,349,16.962352511435896,3730,2006-10-29,2011-10-30,12,https://github.com/apache/Harmony
Helix,3662591.475987118,5207,1126,2014-01-13 08:00:06,60,218,19,6,False,3,219,91,1277,,73458,,53611,243,4793,0.01582186470246172,87.88,32,1,8,23,7.687548923061384,401,2013-12-18,2024-07-11,12,https://github.com/apache/Helix
Hop,9956725.067920053,4977,2118,2019-09-24 10:48:12,197,328,-172,2,False,-2,245,62,1714,,85030,,70831,220,6946,0.00658901795030694,15.65,0,31,88,676,27.65311117984559,594,2021-12-16,2024-07-15,12,https://github.com/apache/Hop
Hudi,954899.7610319076,19917,12817,2016-12-14 15:53:41,-463,2383,-180,12,False,24,791,420,1955,,12142,,17986,1659,7516,0.0,67.84,0,9,16,81,25.370530900479945,291,2020-05-20,2024-07-15,12,https://github.com/apache/Hudi
Iceberg,7182701.316714491,14498,13884,2018-11-19 16:26:46,-54,2074,-165,4,False,18,928,409,1170,,61360,,2237,856,5085,0.0024820398976351248,120.32,30,2,4,19,56.96438404657017,194,2020-05-20,2024-07-15,12,https://github.com/apache/Iceberg
Ignite,1599548.3711340206,424,11338,2015-02-19 08:00:05,801,1888,-183,8,False,-15,552,430,2418,,53860,,16696,2280,31388,0.0,82.67,0,17,45,113,9.115681876327548,458,2015-09-18,2024-07-15,12,https://github.com/apache/Ignite
Impala,6952346.002343155,25807,2713,2016-04-13 07:00:08,174,501,-1,16,False,-5,660,154,0,,-1,,18866,1308,11388,0.0326004583512139,22.61,0,15,80,151,37.817837945450925,1061,2017-11-15,2024-08-14,12,https://github.com/apache/Impala
inlong,2799853.7865064694,4231,3209,2020-01-03 07:13:14,240,513,-510,8,False,-25,132,79,996,,39356,,56535,376,4670,0.0,11.53,0,2,18,71,30.447170894554425,505,2022-06-15,2024-07-15,12,https://github.com/apache/inlong
iotdb,1025551.7056,2376,9638,2018-11-24 21:29:17,-305,974,PRs missing,15,False,0,Commits or Issues or PRs missing,246,0,,PRs missing,,PRs missing,2719,13733,8.08240823435751e-05,64.14,0,7,32,109,18.0880928436133,669,2020-09-18,2024-07-14,12,https://github.com/apache/iotdb
isis,8495139.0,11,115,2013-07-08 19:37:41,0,19,0,1,True,0,12,6,9,,-1,,47849,2,27,0.0,0.0,0,0,0,0,11.6,31,2012-10-17,2016-11-15,12,https://github.com/silentgrowl/isis
ant-ivy,10405759.174394222,4269,249,2014-05-28 07:00:08,221,115,2,2,False,-3,758,34,0,,-1,,60841,1001,2394,0.07756298526382507,69.18,31,0,3,17,3.925680159256802,174,2007-10-11,2024-03-13,12,https://github.com/apache/ant-ivy
db-jdo,4307390.764389097,3876,67,2018-07-20 14:42:36,119,11,0,2,False,-5,68,16,135,,77997,,83781,195,1953,0.003848382773733203,3.79,0,50,33,140,38.77619027783563,464,2005-12-09,2024-08-06,12,https://github.com/apache/db-jdo
jspwiki,7615634.967521353,1591,311,2009-03-27 15:41:58,106,101,16,1,False,-3,119,21,0,,-1,,60326,557,9688,0.005745796699059077,23.44,41,0,7,5,9.957978219696969,124,2013-07-19,2024-07-31,12,https://github.com/apache/jspwiki
jackrabbit,2778169.5282328557,19809,867,2009-05-21 01:43:24,527,209,0,3,False,-5,1017,47,36,,81438,,70436,963,13975,0.0364752969390566,50.12,0,22,14,65,11.431264648935086,619,2006-03-15,2024-08-19,12,https://github.com/apache/jackrabbit
jaxme,2479891.0485543483,347,0,2013-09-30 21:08:58,0,0,PRs missing,1,True,0,Commits or Issues or PRs missing,2,0,,PRs missing,,PRs missing,3,1,0.05744949494949495,48.81,38,2,4,12,7.591554956616308,232,2004-03-17,2013-09-30,12,https://github.com/sisbell/jaxme
jena,341916.33904109587,1797,2793,2013-01-04 08:00:32,117,643,25,1,False,6,194,129,53,,49805,,47339,1284,23808,0.0002733704625384834,41.89,0,50,89,95,40.87455518247414,2861,2012-04-18,2024-07-15,12,https://github.com/apache/jena
johnzon,3183048.971077252,906,164,2014-09-11 07:00:06,22,66,0,2,False,-2,125,35,19,,0,,85094,88,1010,0.06727648273827087,111.2,27,6,2,12,8.763954425135228,230,2016-04-20,2024-08-04,12,https://github.com/apache/johnzon
joshua,5767237.8681283165,23,271,2016-03-25 07:00:06,1,63,0,3,True,-1,16,8,52,,-1,,79127,242,4139,0.0007553578025152863,11.1,25,5,8,22,20.812156280136577,429,2018-10-17,2021-11-13,12,https://github.com/apache/joshua
juneau,212245.0,6,195,2016-08-02 07:00:07,73,39,4,1,False,2,23,16,1073,,-1,,52534,362,3063,0.0,63.65,0,13,11,35,24.50511147322962,403,2017-10-18,2024-07-12,12,https://github.com/apache/juneau
kafka,4881563.368126714,75326,69559,2011-08-15 18:06:16,-710,13689,7,20,False,119,6980,1286,3815,,627,,15538,314,19503,0.04011426610273855,150.76,3,5,40,82,7.793045814689051,354,2012-10-23,2024-08-14,12,https://github.com/apache/kafka
knox,3863104.6460014815,11121,616,2014-03-01 08:00:06,72,248,4,4,False,1,434,96,541,,51875,,54137,90,3234,0.05832117414814179,76.17,45,1,6,5,30.686848317922486,345,2014-02-19,2024-08-12,12,https://github.com/apache/knox
kudu,9422959.918027366,7074,4300,2016-01-29 08:00:06,426,648,0,4,False,-16,490,164,0,,-1,,40773,1807,9815,0.021403022288503885,22.52,0,5,60,91,8.128009354794331,330,2016-07-20,2024-08-13,12,https://github.com/apache/kudu
kvrocks,1092952.5366726296,1073,7192,2019-08-15 06:04:51,44,436,PRs missing,2,False,0,Commits or Issues or PRs missing,26,0,,PRs missing,,PRs missing,453,2282,0.0,69.73,7,3,7,19,8.963407595521183,343,2023-07-21,2024-07-15,12,https://github.com/apache/kvrocks
kylin,3423467.6758924467,25416,8779,2015-01-03 08:00:05,569,1533,-10,2,False,-1,1252,360,3418,,24924,,78576,1324,11325,0.00557244842751764,48.76,28,1,30,10,9.744745577412123,374,2015-11-18,2024-08-09,12,https://github.com/apache/kylin
kyuubi,994922.4987190436,2669,4912,2017-12-18 09:05:10,153,884,-261,5,False,-7,201,86,1445,,46092,,69559,983,4202,0.0,52.24,25,6,8,29,26.109845054584174,429,2022-12-22,2024-07-15,12,https://github.com/apache/kyuubi
Lens,1869857.867993928,5481,219,2014-11-12 08:00:06,105,101,-3,3,False,-24,104,55,0,,-1,,35949,100,2370,0.03259259259259259,69.67,36,3,4,12,4.54013573601685,185,2015-08-19,2020-06-15,12,https://github.com/apache/Lens
Lenya,Issues missing,Issues missing,46,2011-12-26 08:00:11,543,10,3,2,True,-10,Commits or Issues or PRs missing,29,0,,-1,,41125,344,12523,Issues missing,8.72,26,0,0,2,27.470004443786106,248,2004-08-18,2024-02-02,12,https://github.com/apache/Lenya
Libcloud,6767726.1931034485,576,4980,2009-12-11 09:00:14,-20,928,0,3,False,5,644,480,2887,,75926,,25957,496,9984,0.00041395297494204657,90.82,45,0,16,2,31.055776143893183,154,2011-05-19,2024-07-15,12,https://github.com/apache/Libcloud
linkis,1045868.835408771,1322,7689,2019-07-23 06:41:51,190,1151,-148,8,False,-29,74,53,1062,,7621,,61331,720,3524,0.0,8.55,2,1,13,61,35.37389338858542,225,2022-12-22,2024-07-16,12,https://github.com/apache/linkis
logging-log4php,9917073.167291261,638,285,2012-12-08 08:00:18,21,83,0,2,True,-3,130,18,5,,-1,,83148,3,1044,0.02599388379204893,77.06,9,0,0,1,1.3215859030837005,85,2010-03-07,2020-12-18,12,https://github.com/apache/logging-log4php
Lucene.NET,7368051.2342243,689,4992,2009-03-27 15:41:57,83,628,9,1,False,-3,206,88,4898,,56350,,5107,707,7769,0.00239290333240276,55.12,0,32,40,195,14.81554623472187,1929,2012-08-15,2024-06-25,12,https://github.com/apache/Lucene.NET
Lucy,3056614.7383840824,382,224,2011-11-19 08:00:16,213,26,0,2,False,-4,34,11,0,,-1,,48161,24,3417,0.006492266564827191,19.95,14,14,8,25,9.83782815159932,512,2012-02-22,2018-03-15,12,https://github.com/apache/Lucy
MADlib,4570672.762391403,1421,1057,2015-09-19 07:00:06,30,147,-37,5,False,-8,103,32,0,,-1,,8585,405,2684,0.03138737887024344,0.67,0,18,19,32,29.24762463969254,510,2017-07-19,2024-05-11,12,https://github.com/apache/MADlib
MRUnit,1853120.4706450012,674,103,2011-03-26 07:00:07,34,27,0,2,True,-5,68,13,0,,-1,,-1,53,282,0.06936416184971098,148.58,1,0,0,0,21.800327332242226,90,2012-05-16,2016-05-12,12,https://github.com/apache/MRUnit
MXNet,1734615.1247053542,191,48272,2015-04-30 16:21:15,1,6808,4,17,False,-2,27,5,2192,,75425,,53462,3462,9542,0.0,19.19,0,16,40,165,24.583141634252094,555,2022-09-21,2023-11-12,12,https://github.com/apache/MXNet
ManifoldCF,1536761.0113331343,9366,217,2012-06-22 07:00:16,141,65,0,1,False,1,256,20,163,,43190,,72076,1885,4653,0.005520859963721802,7.94,0,42,48,217,35.270220684594015,817,2012-05-16,2024-07-08,12,https://github.com/apache/ManifoldCF
Marmotta,3973982.483487847,1901,159,2014-01-22 08:00:07,301,53,-1,2,False,-6,105,26,0,,-1,,47530,220,2211,0.013849514337500582,19.08,29,1,2,17,17.31584083805853,193,2013-11-20,2021-02-23,12,https://github.com/apache/Marmotta
Mesos,5316112.854583107,38857,12109,2013-07-17 07:00:13,289,1675,-3,11,False,-4,1717,440,982,,42321,,75391,2617,19484,0.011673345387417149,79.51,0,17,28,94,23.685758558351747,591,2013-06-19,2024-07-11,12,https://github.com/apache/Mesos
MetaModel,4544793.764252634,1437,461,2013-08-07 07:00:14,-4,151,-1,2,False,0,138,39,534,,-1,,54290,285,668,0.0260387811634349,58.67,40,0,0,2,5.719104007038897,119,2014-11-20,2021-06-23,12,https://github.com/apache/MetaModel
Metron,1507542.85586738,11230,2198,2015-12-08 08:00:05,92,512,-110,4,False,-14,156,54,0,,-1,,70919,654,1014,0.00884475054318862,55.02,44,2,2,11,16.622195269860523,243,2017-04-19,2020-08-08,12,https://github.com/apache/Metron
Mnemonic,4917420.888888889,34,297,2016-03-29 07:00:06,12,63,1,1,False,-4,30,26,96,,-1,,77179,117,675,0.0003097893432465923,32.73,14,0,1,4,32.5463073376262,152,2017-11-15,2024-07-12,12,https://github.com/apache/Mnemonic
MyFaces,11591573.477364866,15952,305,2018-05-08 11:41:08,-54,71,2,2,False,6,1249,86,1920,,14313,,27265,140,8242,0.03619809323499702,53.69,0,2,16,94,16.424881545924165,324,2005-03-09,2024-08-14,12,https://github.com/apache/MyFaces
Mynewt-core,7153691.939189189,730,1996,2015-10-29 07:00:07,712,366,-137,5,False,-18,166,125,963,,81890,,13292,371,10773,6.53765690376569e-05,2.4,0,23,81,106,30.48961477519591,608,2017-06-21,2024-07-10,12,https://github.com/apache/Mynewt-core
NiFi,6098392.2830699645,66404,11849,2014-12-12 08:00:05,-240,2643,29,5,False,36,2993,611,5532,,63454,,6860,377,11986,0.020397499513709574,46.2,0,16,39,137,16.829640203743956,834,2015-07-15,2024-08-14,12,https://github.com/apache/NiFi
Nutch,9465195.94196493,22425,6953,2009-05-21 01:17:48,68,1245,2,5,False,-3,999,98,226,,28715,,7741,1737,2571,0.00959283115600514,20.27,21,4,2,38,15.064916225429753,250,2005-06-01,2024-07-10,12,https://github.com/apache/Nutch
Nuvem,171898.90657142855,0,9,2010-08-12 03:32:41,0,5,2,2,True,0,0,0,0,,-1,,-1,0,141,0.009828009828009828,24.59,8,0,0,0,24.067333939945406,37,2012-11-29,2023-04-14,12,https://github.com/apache/Nuvem
OFBiz,5850900.638448691,73793,2099,2009-05-20 01:47:56,688,553,0,3,False,-10,1190,46,0,,-1,,69591,232,31770,0.005475233220969169,2.34,0,48,105,243,17.533314811798856,753,2006-12-20,2024-08-14,12,https://github.com/apache/OFBiz
commons-ognl,5530371.727073299,508,204,2013-07-10 07:00:15,204,40,0,1,False,1,72,15,3,,-1,,38528,26,965,0.08882655446470314,46.27,33,1,1,8,5.818472793781436,160,2011-08-30,2024-01-20,12,https://github.com/apache/commons-ognl
OODT,7170435.904155253,4868,187,2013-01-21 08:00:15,88,61,6,3,False,-5,160,58,106,,16789,,64863,777,2135,0.0011474151044206138,24.07,45,0,11,13,34.5919090075827,167,2010-11-17,2023-04-17,12,https://github.com/apache/OODT
Ode,7633592.074445862,3864,149,2009-05-21 02:41:15,295,61,0,3,True,-6,248,27,0,,-1,,61799,86,5571,0.03010295950874925,41.48,16,3,8,26,15.438564941779436,307,2007-07-18,2020-01-14,12,https://github.com/apache/Ode
incubator-Omid,3118838.6809346927,574,228,2016-04-14 07:00:06,-11,56,5,2,False,2,45,14,6,,-1,,10371,68,1440,0.017839639286414428,111.23,6,0,0,0,3.3870967741935485,65,2019-11-15,2024-05-14,12,https://github.com/apache/incubator-Omid
Onami,798863.0274423077,52,25,2019-01-25 13:52:00,123,3,PRs missing,1,False,-3,Commits or Issues or PRs missing,5,0,,PRs missing,,PRs missing,6,1506,0.019476567255021303,112.14,6,0,0,2,4.466631634261692,115,2013-04-17,2015-10-06,12,https://github.com/apache/Onami
Oozie,6493955.899921257,24748,1878,2011-09-14 07:00:10,142,470,1,3,False,-5,642,42,0,,-1,,69082,2630,552,0.07030933615775209,95.28,33,3,7,35,10.354528641016959,381,2012-08-28,2024-02-14,12,https://github.com/apache/Oozie
climate,3699731.3453513547,4087,388,2014-03-08 08:00:06,142,112,-26,3,False,-7,85,44,65,,-1,,79733,184,2868,0.008533616854592765,37.66,36,6,2,16,20.281325407568712,405,2014-02-19,2020-10-05,12,https://github.com/apache/climate
opendal,1360499.9835766423,1168,6504,2022-02-14 05:18:44,33,422,-268,3,False,-4,110,12,1833,,30386,,3177,1282,3409,0.0,10.54,2,0,1,4,22.33431631227689,170,2024-01-18,2024-07-17,12,https://github.com/apache/opendal
OpenEJB,12168864.498799697,3973,52,2013-01-23 08:00:17,443,28,1,2,False,-9,280,24,0,,-1,,85757,900,23327,0.005834452652787105,47.99,0,21,12,148,23.458501303087388,343,2007-05-16,2023-07-07,12,https://github.com/apache/OpenEJB
OpenJPA,5886853.804345235,11261,406,2009-05-21 01:13:25,151,132,2,4,False,-8,848,50,0,,56152,,25369,272,7311,0.04819708159771025,76.35,0,19,46,53,13.097100062562102,511,2007-05-16,2024-07-11,12,https://github.com/apache/OpenJPA
OpenNLP,13076362.754621353,5297,3265,2011-11-09 08:00:09,125,445,0,2,False,4,311,68,152,,83631,,15291,95,2940,0.021991412324474876,33.3,39,1,3,6,14.754860711280394,200,2012-02-15,2024-08-07,12,https://github.com/apache/OpenNLP
OpenWebBeans,6846281.397965649,4096,183,2011-01-28 08:00:11,282,57,10,2,False,-4,193,34,123,,-1,,73099,119,4380,0.031584453206727287,83.01,44,0,5,9,5.5863808322824715,150,2009-12-17,2024-07-15,12,https://github.com/apache/OpenWebBeans
OpenWhisk,4079354.739025857,1346,14020,2016-02-18 21:16:19,61,1162,-74,9,False,-18,153,80,789,,22429,,29951,646,2459,0.0025566998463107398,126.9,40,0,2,8,8.291624475625634,165,2019-07-17,2024-07-16,12,https://github.com/apache/OpenWhisk
Openmeetings,1488120.642857143,252,1508,2015-03-13 07:00:05,-11,254,1,1,False,2,42,23,0,,-1,,17270,116,5892,1.1920229822030968e-05,6.05,42,0,3,16,22.43413936959209,303,2013-01-18,2024-07-11,12,https://github.com/apache/Openmeetings
PDFBox,11937179.846509341,52171,5920,2009-09-26 08:00:19,-299,838,0,3,False,0,2209,13,0,,-1,,78554,293,19323,0.0391852770885029,19.79,22,2,14,50,18.636825833752734,340,2009-10-21,2024-08-14,12,https://github.com/apache/PDFBox
paimon,833410.7706766918,448,5166,2022-01-12 03:13:15,0,854,-139,3,False,0,92,0,99,,60923,,15168,965,2389,0.0,74.4,23,1,4,20,10.422021535255297,201,2024-03-21,2024-07-17,12,https://github.com/apache/paimon
Phoenix,3402117.0505230892,57505,3032,2014-06-04 07:00:08,295,994,10,4,False,1,1252,223,1489,,83685,,72260,165,14658,0.046757893718872394,16.03,0,19,60,252,22.691490157122868,1164,2014-05-21,2024-08-16,12,https://github.com/apache/Phoenix
Pig,3478102.0736324238,32652,1801,2009-05-21 01:10:43,55,449,0,4,False,-3,1070,42,0,,-1,,4913,4647,1663,0.03416074619709716,74.72,0,11,18,64,15.04034216288521,495,2008-10-22,2024-07-31,12,https://github.com/apache/Pig
Pinot,2758498.131188119,6905,11781,2014-05-19 23:27:48,-178,1231,-227,7,False,7,351,172,1926,,28027,,19053,300,11724,0.0,60.44,0,13,15,101,14.207303169484348,434,2021-07-21,2024-07-17,12,https://github.com/apache/Pinot
Pivot,3156522.0658247666,4098,99,2011-08-18 07:00:12,154,25,PRs missing,3,False,-4,Commits or Issues or PRs missing,10,0,,PRs missing,,PRs missing,46,5119,0.00825102829979557,9.34,13,3,15,38,17.68072791673618,346,2009-12-16,2022-08-10,12,https://github.com/apache/Pivot
Pluto,10376787.017367985,2626,18,2009-05-21 01:09:18,30,10,2,3,True,-5,198,19,0,,-1,,9645,54,2243,0.03291525648682726,18.29,17,0,0,4,9.310949298813377,134,2004-05-15,2024-02-02,12,https://github.com/apache/Pluto
PredictionIO,3608154.793075473,492,27019,2013-01-25 19:42:32,14,1935,-5,5,False,-8,72,33,90,,-1,,284,1492,3010,0.0016255682600909217,39.02,8,0,0,4,14.771927079258274,686,2017-10-18,2020-12-29,12,https://github.com/apache/PredictionIO
Qpid,7839941.428952428,31872,341,2009-05-21 03:17:04,1107,91,0,1,True,-17,612,49,0,,-1,,26908,2838,35301,0.02386301790424092,76.21,24,2,2,12,7.471264367816092,244,2008-12-18,2024-07-19,12,https://github.com/apache/Qpid
creadur-rat,11763581.868168116,2212,96,2012-10-11 07:00:29,-181,44,19,2,False,7,138,20,234,,2882,,56429,236,2659,0.013325772611284377,81.55,5,0,0,2,4.260306080242658,119,2012-04-18,2024-08-16,12,https://github.com/apache/creadur-rat
REEF,2778333.256623267,4737,285,2014-10-23 07:00:10,165,97,-185,5,True,-14,162,71,201,,39643,,51017,217,3741,0.012441023094114725,40.22,44,0,0,7,8.381204890263662,180,2015-11-18,2022-07-06,12,https://github.com/apache/REEF
Ranger,2837091.6547071375,10249,2707,2014-07-27 07:00:08,223,943,24,7,False,-2,793,120,20,,1690,,63943,234,6801,0.025689041725540936,13.3,0,26,63,135,27.358754992706032,454,2017-01-18,2024-08-15,12,https://github.com/apache/Ranger
Ratis,Issues missing,Issues missing,2871,2017-01-31 08:00:07,1,409,PRs missing,2,False,-1,Commits or Issues or PRs missing,63,0,,PRs missing,,PRs missing,156,2116,Issues missing,49.82,11,0,1,2,4.234929359123419,108,2021-02-17,2024-07-04,12,https://github.com/apache/Ratis
Rave,2451691.2257217956,1932,44,2014-03-19 07:00:06,232,14,1,3,False,-12,87,21,0,,-1,,68270,41,1730,0.045754956786985254,62.85,19,2,1,1,15.70625536510398,60,2012-03-21,2017-05-05,12,https://github.com/apache/Rave
RocketMQ,4179780.3138552,12882,53180,2016-11-30 08:00:08,-18,11534,60,7,False,19,1217,580,977,,41341,,85435,1002,7825,0.00714595062797748,42.73,10,4,17,62,12.167478058437199,324,2017-09-20,2024-07-17,12,https://github.com/apache/RocketMQ
Roller,35028247.56510864,3699,363,2009-05-21 02:42:21,257,119,0,2,False,-5,285,35,206,,30,,62247,319,4836,0.00451711329265057,11.42,36,2,0,16,13.617451928483076,304,2007-02-21,2024-06-09,12,https://github.com/apache/Roller
Rya,5337707.143636074,62,298,2015-10-06 07:00:05,0,80,0,5,True,0,21,8,0,,-1,,43869,56,441,0.019549559849091118,69.83,34,1,1,13,14.092442701148471,251,2019-09-18,2024-04-21,12,https://github.com/apache/Rya
SINGA,2115291.305882353,519,7896,2015-04-02 07:00:05,57,1228,-8,5,False,4,59,33,59,,-1,,15550,563,2242,0.0,49.84,40,0,10,6,14.906635112124448,114,2019-10-16,2024-07-17,12,https://github.com/apache/SINGA
SIS,27125651.41981724,1134,241,2013-06-11 07:00:15,226,45,0,1,False,0,82,18,0,,47086,,33474,379,8801,0.0014392520983786124,32.52,0,12,7,59,3.3243404150330127,330,2012-09-19,2024-07-12,12,https://github.com/apache/SIS
Samza,3137115.141788171,7627,1937,2015-03-14 07:00:05,93,329,1,14,False,-24,487,213,430,,58,,77746,676,2303,0.04246630111948824,101.24,41,0,0,5,10.89988958410011,448,2015-01-21,2024-08-13,12,https://github.com/apache/Samza
Sanselan,Issues missing,Issues missing,90,2009-05-21 01:48:24,25,18,1,1,True,-3,Commits or Issues or PRs missing,7,0,,-1,,66727,37,291,Issues missing,15.57,31,0,0,19,10.477158153894251,194,2009-06-30,2023-04-14,12,https://github.com/apache/Sanselan
incubator-Sedona,1301940.800595238,543,4300,2015-04-24 18:01:29,-187,656,49,2,False,2,55,22,515,,47740,,19190,995,1259,0.0,82.0,31,0,5,18,23.928289331961032,260,2022-12-21,2024-07-17,12,https://github.com/apache/incubator-Sedona
Sentry,2891828.7415288896,8739,330,2016-03-26 07:00:07,109,90,0,7,False,-11,162,27,0,,-1,,31901,55,1694,0.10043420804228809,113.42,41,1,3,5,25.590229972974353,158,2016-03-16,2021-01-20,12,https://github.com/apache/Sentry
servicecomb-java-chassis,2486568.5857371795,5167,4594,2017-05-18 09:29:30,77,802,-74,2,False,-8,183,86,173,,14560,,9584,169,4331,0.003562176165803109,70.69,33,0,0,0,9.877403479737822,73,2018-10-17,2024-07-17,12,https://github.com/apache/servicecomb-java-chassis
ServiceMix,9505022.890423281,8957,463,2014-03-28 07:00:07,0,153,0,2,True,0,444,25,28,,-1,,57078,33,941,0.2565341533055128,21.12,0,0,1,0,30.49464558898521,32,2007-09-19,2024-07-25,12,https://github.com/apache/ServiceMix
ShardingSphere,1161504.1938786507,35212,45940,2016-01-18 12:49:26,167,6666,-265,3,False,-12,1187,509,12154,,33251,,54743,5838,37364,0.0019174979444297926,88.48,45,0,31,0,50.824337628057144,81,2020-04-16,2024-07-19,12,https://github.com/apache/ShardingSphere
ShenYu,471951.3027959548,2439,19624,2018-07-11 08:17:45,132,2902,-205,16,False,-37,264,125,458,,69270,,83477,237,3235,0.0,65.23,49,0,5,0,28.992826398852223,79,2022-07-28,2024-07-17,12,https://github.com/apache/ShenYu
Shindig,2131112.2827931223,3529,201,2009-05-21 08:41:05,167,69,1,4,True,-8,234,28,0,,-1,,77022,150,5223,0.053649407361197755,60.48,33,0,1,8,28.03985044138903,121,2010-01-21,2023-04-14,12,https://github.com/apache/Shindig
Shiro,285430.79032258067,400,10860,2009-08-29 08:00:17,-223,2308,21,3,False,1,130,86,1368,,2214,,20007,127,4602,0.0,72.19,7,0,0,3,2.836151477499865,146,2010-09-22,2024-07-17,12,https://github.com/apache/Shiro
SkyWalking,471212.21141602634,19150,53543,2015-11-07 03:30:36,117,6469,-187,4,False,-22,1012,394,1200,,20342,,60668,3210,5035,0.006646306502381203,53.23,48,0,0,11,15.20599756855329,166,2019-04-17,2024-07-18,12,https://github.com/apache/SkyWalking
Sling,2693158.6690781005,42692,698,2009-03-27 15:41:54,1065,260,0,1,False,-8,810,53,0,,1066,,81086,3266,46606,0.053478048667115995,0.0,0,0,0,0,NaN,0,2009-06-17,2024-08-14,12,https://github.com/apache/Sling
solr,5804980.244132344,153861,2827,2021-02-23 00:12:42,9,627,17,13,False,28,4990,472,12238,,45814,,28083,26078,44321,0.014599517557871056,80.9,0,12,37,173,14.323452550782088,675,2007-01-17,2024-08-14,12,https://github.com/apache/solr
spamassassin,Issues missing,Issues missing,628,2009-05-20 01:47:48,194,70,0,4,False,-3,Commits or Issues or PRs missing,23,0,,-1,,66337,409,40630,Issues missing,0.09,0,13,15,84,16.393936110007346,1556,2004-06-23,2024-07-12,12,https://github.com/apache/spamassassin
sqoop,3420640.9166456223,17892,2521,2011-08-04 07:00:07,35,587,0,4,True,-4,766,43,119,,-1,,86084,309,1977,0.08361275214221087,97.81,30,0,6,16,10.714285714285714,191,2012-03-21,2021-07-05,12,https://github.com/apache/sqoop
stanbol,3390509.830874685,2101,297,2010-12-11 08:00:07,726,75,1,4,True,-11,127,18,0,,-1,,8584,681,6284,0.00662458296330077,27.26,0,10,5,55,20.449796818189295,403,2012-09-19,2024-02-29,12,https://github.com/apache/stanbol
storm,50248924.65036185,22991,17218,2013-11-05 08:00:14,292,4072,-87,6,False,-35,1286,417,97,,53852,,71786,4386,10177,0.008688570409707297,28.47,43,0,10,19,7.425844809408389,243,2014-09-17,2024-08-12,12,https://github.com/apache/storm
stratos,2242744.1498368895,2438,432,2014-06-03 07:00:07,150,118,-11,5,False,-22,142,68,0,,-1,,73520,524,9120,0.011395504117516136,4.04,0,3,36,107,62.16691331449841,438,2014-05-21,2018-07-29,12,https://github.com/apache/stratos
streampipes,2487376.9078014186,2088,1317,2018-04-22 20:06:55,315,175,-268,1,False,-8,77,42,1114,,2502,,69577,909,10757,0.0,8.44,29,0,0,4,9.66161830120737,133,2022-11-17,2024-07-18,12,https://github.com/apache/streampipes
subversion,5721383.217146743,8049,1308,2009-12-31 09:00:10,1288,176,0,9,False,-21,288,63,0,,-1,,18760,1660,80566,0.015222624468164515,35.31,18,5,120,26,16.6748198585311,289,2010-02-17,2024-07-11,12,https://github.com/apache/subversion
superset,4559071.683918863,26312,134611,2015-07-21 18:55:34,-321,13137,-185,11,False,4,1689,594,2450,,42190,,81989,2476,16436,0.0,55.2,25,1,19,65,17.325355018249233,648,2020-11-19,2024-07-18,12,https://github.com/apache/superset
synapse,3625940.604568334,4446,184,2009-05-21 01:01:59,700,54,2,4,False,-12,303,65,117,,-1,,12384,347,13258,0.01423424618172977,18.47,0,8,1,44,12.56796166302739,297,2007-01-02,2023-12-03,12,https://github.com/apache/synapse
syncope,4414310.49166312,10101,676,2014-10-23 07:00:10,309,176,68,1,False,-1,227,62,371,,-1,,41217,37,13380,0.01218815969410109,22.85,13,6,4,72,22.19816631210347,435,2012-11-21,2024-08-05,12,https://github.com/apache/syncope
systemml,12860556.038354382,3852,110,2015-08-29 01:56:56,0,98,0,3,True,0,80,1,0,,-1,,84256,69,3298,0.004412125582816249,31.71,0,18,24,86,15.715648096638322,798,2017-05-18,2024-08-14,12,https://github.com/ckadner/systemml
tvm,1446687.8962162163,6117,26287,2016-10-12 22:20:28,9,3409,-227,10,False,-26,851,561,1983,,68580,,69491,1059,11666,0.008458171623644737,65.3,0,18,52,220,11.854565604338873,411,2020-11-18,2024-07-19,12,https://github.com/apache/tvm
tajo,1999797.9251477828,13945,377,2014-03-21 07:00:07,184,111,-41,1,True,-5,97,36,1019,,0,,5507,625,2306,0.027391460117903787,31.25,0,19,17,50,10.736688548504741,427,2014-04-01,2021-03-18,12,https://github.com/apache/tajo
tapestry-5,17459245.647946816,11748,327,2012-05-23 07:00:11,-9,91,0,1,False,3,715,56,0,,-1,,32728,343,6250,0.03151545845898847,76.94,24,12,11,28,11.935251327085654,460,2003-05-29,2024-08-18,12,https://github.com/apache/tapestry-5
incubator-Tephra,3459915.717818583,80,117,2016-06-02 07:00:07,0,53,0,5,True,0,10,5,0,,-1,,4585,21,488,0.021598670851024553,85.32,32,1,2,1,60.61860691670726,120,2019-11-15,2023-04-17,12,https://github.com/apache/incubator-Tephra
Tez,3892117.152621719,25862,1345,2013-04-08 07:20:23,297,415,0,3,False,-1,499,91,202,,-1,,79460,2396,1868,0.08101408078270642,74.52,32,2,15,28,11.158180033292075,333,2014-07-16,2024-08-13,12,https://github.com/apache/Tez
Thrift,7075177.10249408,28459,24494,2009-09-18 08:00:17,47,4000,0,8,False,7,2875,579,492,,46517,,75524,635,6376,0.09540455024860629,43.09,0,11,25,110,18.036635328374885,608,2010-10-20,2024-08-12,12,https://github.com/apache/Thrift
Tika,2530141.3405298893,26916,5366,2009-05-21 02:12:11,-358,754,36,1,False,6,1725,169,2812,,504,,2728,1537,9310,0.00782691773774722,46.71,0,6,8,26,10.635393143091768,301,2008-10-28,2024-08-15,12,https://github.com/apache/Tika
TinkerPop,4837967.293262927,13029,4657,2015-02-07 08:00:05,422,791,-18,2,False,0,660,210,73,,67,,54412,300,20823,0.004410432351142159,58.93,21,5,13,21,15.700786668528604,256,2016-05-23,2024-08-13,12,https://github.com/apache/TinkerPop
myfaces-tobago,21826305.97335807,6134,66,2017-08-18 08:17:41,102,24,0,1,False,-5,158,30,0,,32606,,72091,352,17050,0.009105875963203097,26.21,33,6,5,13,10.139520422836268,214,2006-03-23,2024-08-19,12,https://github.com/apache/myfaces-tobago
TrafficControl,16071352.59264214,5263,2405,2016-09-02 07:00:06,499,339,-216,6,False,-22,179,141,1984,,32651,,71521,2015,12229,0.007108298365091376,59.94,0,8,16,90,16.921826230403152,582,2018-05-16,2024-07-19,12,https://github.com/apache/TrafficControl
TrafficServer,9228386.34092171,8310,4290,2009-10-31 08:00:10,-51,782,224,10,False,11,625,486,9263,,22910,,44150,1076,20497,0.0004904827482125676,29.57,39,1,43,5,8.03715528392061,178,2010-04-21,2024-07-19,12,https://github.com/apache/TrafficServer
Trafodion,5147353.154423019,2867,648,2015-05-27 07:00:05,332,154,-117,1,True,-32,118,61,205,,-1,,74216,889,6423,0.02631017004394394,5.28,0,50,372,1187,28.251238924763477,4510,2017-12-20,2021-05-05,12,https://github.com/apache/Trafodion
myfaces-trinidad,3509566.0565843736,6869,18,2017-08-18 08:18:09,389,10,1,2,True,-8,548,31,1,,-1,,48502,189,5811,0.06274220335855324,317.59,13,2,34,67,21.008669086097356,334,2007-04-22,2022-08-01,12,https://github.com/apache/myfaces-trinidad
Twill,4559486.354592591,958,205,2016-07-29 07:00:06,16,71,-8,1,False,-1,50,16,0,,-1,,25856,50,345,0.008817939946788294,35.73,4,0,0,0,1.7449995884434932,85,2016-06-15,2020-03-15,12,https://github.com/apache/Twill
Unomi,46596848.02503785,1446,667,2015-11-24 08:00:05,9,125,6,4,False,-6,127,44,436,,83155,,85424,250,2788,0.012532208948231436,18.94,41,0,3,7,5.185333200119892,156,2019-02-20,2024-08-12,12,https://github.com/apache/Unomi
Usergrid,6037019.775566318,971,2416,2013-11-05 08:00:14,545,430,-84,3,True,-11,74,31,0,,0,,67503,950,10237,0.0009125395977004002,31.89,32,1,24,45,34.117849640114336,184,2015-08-19,2021-10-11,12,https://github.com/apache/Usergrid
VCL,21095761.69957851,2150,42,2017-10-17 07:00:08,36,20,0,2,False,-2,52,13,0,,-1,,26424,14,2853,0.04687656171914043,0.0,22,3,13,52,18.33068556764023,380,2012-06-20,2024-04-05,12,https://github.com/apache/VCL
VXQuery,14976894.828093171,485,73,2015-03-17 07:00:06,38,33,0,3,True,-3,44,14,0,,-1,,79696,111,1659,0.010792778649921507,39.18,16,9,2,26,24.185124286681496,355,2014-07-16,2021-02-05,12,https://github.com/apache/VXQuery
Whirr,2167756.2674780684,2982,246,2010-08-12 03:32:41,66,60,0,2,True,-6,129,12,0,,-1,,38749,551,237,0.02645930115128257,66.94,3,0,0,0,11.487964989059082,66,2011-08-17,2015-04-23,12,https://github.com/apache/Whirr
Wicket,Issues missing,Issues missing,1839,2009-05-21 01:51:51,755,391,PRs missing,5,False,-1,Commits or Issues or PRs missing,160,0,,PRs missing,,PRs missing,419,33986,Issues missing,74.18,38,1,8,16,4.351465496467843,203,2007-06-20,2024-07-07,12,https://github.com/apache/Wicket
Wink,Issues missing,Issues missing,65,2009-07-10 08:00:18,15,25,PRs missing,2,True,-1,Commits or Issues or PRs missing,3,0,,PRs missing,,PRs missing,43,922,Issues missing,106.63,37,3,0,9,19.861839086012417,338,2012-12-19,2023-04-14,12,https://github.com/apache/Wink
Wookie,Issues missing,Issues missing,21,2014-02-03 08:00:07,70,9,PRs missing,1,True,-5,Commits or Issues or PRs missing,5,0,,PRs missing,,PRs missing,217,1838,Issues missing,23.02,38,0,6,7,31.58993306302632,125,2012-11-22,2023-11-14,12,https://github.com/apache/Wookie
XMLBeans,Issues missing,Issues missing,165,2009-08-06 08:06:50,120,63,1,2,False,-5,Commits or Issues or PRs missing,19,0,,-1,,50460,231,1953,Issues missing,107.43,0,16,20,55,9.475493274283636,434,2004-06-23,2024-07-02,12,https://github.com/apache/XMLBeans
brpc,4524061.065319865,1695,36335,2017-09-04 09:28:47,33,3935,-40,1,False,-7,181,71,569,,68077,,78090,1189,2067,0.0,40.3,3,8,16,54,10.599798950072602,1089,2022-12-22,2024-07-19,12,https://github.com/apache/brpc
cTAKES,Issues missing,Issues missing,91,2022-11-29 13:43:35,-6,9,PRs missing,1,False,4,Commits or Issues or PRs missing,2,0,,PRs missing,,PRs missing,13,104,Issues missing,5.02,0,14,19,88,42.343942459968325,833,2013-03-20,2024-06-14,12,https://github.com/apache/cTAKES
logging-log4cxx,570062.2258064516,182,651,2017-04-09 07:00:07,65,121,10,2,False,2,57,41,0,,-1,,6378,340,2279,0.0,41.7,29,1,1,7,5.116512380865521,263,2005-01-11,2024-07-19,12,https://github.com/apache/logging-log4cxx
logging-log4net,207890.46666666667,81,1991,2017-04-26 07:00:06,-109,319,3,2,False,7,46,22,150,,17319,,26355,146,2426,0.0,19.21,19,0,4,7,10.179529027745396,208,2007-02-21,2024-07-13,12,https://github.com/apache/logging-log4net
stdcxx,6043082.293008385,2354,150,2009-03-27 15:41:56,175,26,PRs missing,1,False,-6,Commits or Issues or PRs missing,8,0,,PRs missing,,PRs missing,39,2914,0.050818598559266535,85.06,36,3,10,16,15.275858512942147,356,2007-11-14,2013-06-13,12,https://github.com/apache/stdcxx
Flink,4324400.851542074,150989,60172,2014-06-07 07:00:10,273,13102,70,16,False,56,4721,1628,12851,,62505,,7828,6925,40618,0.017610098391586823,113.4,0,21,65,214,14.329816034384866,436,2014-12-17,2024-07-16,12,https://github.com/apache/Flink
Pulsar,5351959.264741484,28047,31473,2016-06-28 07:00:03,-433,3537,-358,12,False,18,1231,649,7279,,43459,,64666,3295,17031,0.015899818366024405,98.41,0,5,42,109,11.537613250589228,327,2018-09-19,2024-07-18,12,https://github.com/apache/Pulsar
streams,nan,18,197,2014-03-18 07:00:06,19,47,-18,1,False,-1,14,9,884,,2854,,52879,230,1804,0.0,27.44,33,0,2,1,31.99697632353338,112,2017-07-19,2024-03-21,12,https://github.com/apache/streams
YuniKorn-core,Issues missing,Issues missing,Repo info missing,Repo info missing,-51,Repo info missing,PRs missing,4,False,6,Commits or Issues or PRs missing,37,0,,PRs missing,,PRs missing,121,938,Issues missing,189.87,34,0,4,0,3.1213789107763614,92,2022-03-16,2024-07-11,12,https://github.com/apache/YuniKorn-core
Zeppelin,Issues missing,Issues missing,Repo info missing,Repo info missing,428,Repo info missing,PRs missing,5,False,-45,Commits or Issues or PRs missing,445,0,,PRs missing,,PRs missing,1282,5864,Issues missing,35.4,20,3,8,23,16.59668652149855,455,2016-05-18,2024-07-06,12,https://github.com/apache/Zeppelin
jUDDI,Issues missing,Issues missing,Repo info missing,Repo info missing,176,Repo info missing,4,2,False,-1,Commits or Issues or PRs missing,18,0,,-1,,84452,173,3043,Issues missing,16.47,24,5,31,24,51.4072461514539,439,2004-03-17,2023-02-27,12,https://github.com/apache/jUDDI
jclouds,Issues missing,Issues missing,Repo info missing,Repo info missing,135,Repo info missing,PRs missing,3,False,-15,Commits or Issues or PRs missing,222,0,,PRs missing,,PRs missing,538,12101,Issues missing,79.03,12,4,1,16,11.556166485518828,210,2013-10-16,2024-05-12,12,https://github.com/apache/jclouds
NetBeans,2133789.239591516,7325,6027,2017-09-01 07:00:11,17,835,-41,2,False,-19,417,194,5061,,72166,,5772,1584,10109,0.0033561969508432224,32.87,0,50,523,1844,26.921600313324483,2498,2019-04-17,2024-07-16,12,https://github.com/apache/NetBeans
incubator-NuttX,1342959.747826087,2634,6071,2019-12-14 23:27:55,573,1059,-696,6,False,-13,377,197,2067,,45510,,67554,6816,46970,0.0,0.02,0,50,452,1230,36.079517770384086,1513,2022-11-17,2024-07-18,12,https://github.com/apache/incubator-NuttX
openoffice,Issues missing,Issues missing,2158,2013-11-13 08:00:13,491,308,12,2,False,-16,Commits or Issues or PRs missing,87,4061,,53896,,34837,475,17091,Issues missing,5.69,0,50,179,650,18.55635109421168,2010,2012-10-17,2024-07-09,12,https://github.com/apache/openoffice
PLC4X,11618259.974489795,1203,2796,2017-12-20 08:00:09,-28,390,74,2,False,1,119,78,3669,,3940,,72265,395,8525,0.0011259210199519828,18.03,0,50,63,531,17.64623854007044,5637,2019-04-17,2024-07-17,12,https://github.com/apache/PLC4X
