ace,9788017.927576544,644,77,2010-05-26 23:38:08,-15,23,0,2,True,1,40,4,0,,-1,,4022,19,1858,0.0010720897460694647,19.66,42,0,6,15,8.611501326733114,235,2009-04-24,2011-12-21,12,https://github.com/apache/ace
abdera,2938138.296738281,608,61,2009-05-21 03:21:27,286,25,0,2,True,0,76,5,0,,-1,,26165,35,1611,0.017543859649122806,55.18,40,1,0,2,9.878605181684863,274,2006-06-06,2008-11-08,12,https://github.com/apache/abdera
airavata,6952636.983029673,1571,324,2014-01-29 08:00:06,-266,114,0,5,False,3,61,3,1112,,83692,,46472,303,10526,0.015394894854222536,2.27,0,50,95,340,49.89738327347358,323,2011-05-05,2012-09-19,12,https://github.com/apache/airavata
age,3819620.014249615,590,6087,2020-07-01 06:15:47,5,401,14,5,False,8,77,17,578,,63875,,81544,269,1188,0.0007904797493460576,5.09,35,2,11,20,15.380107166778298,279,2020-04-29,2022-05-18,12,https://github.com/apache/age
apisix,901329.6034821316,2035,30442,2019-04-10 02:02:05,-15,2452,29,5,False,-5,161,32,2413,,7498,,67462,2162,2406,7.663814024779666e-05,7.48,41,1,0,12,26.86967497633323,415,2019-10-17,2020-07-15,12,https://github.com/apache/apisix
accumulo,13758961.065113984,1190,2552,2011-10-06 07:00:09,-40,444,0,3,False,1,82,0,1473,,56361,,33674,360,13050,0.02175910255790339,51.42,0,10,23,61,19.842345198603667,469,2011-09-12,2012-03-21,12,https://github.com/apache/accumulo
activemq,Issues missing,Issues missing,5997,2009-05-21 01:33:45,299,1439,0,4,False,-6,Commits or Issues or PRs missing,6,1515,,16514,,78961,236,14487,Issues missing,107.74,17,4,12,43,28.392892896125453,235,2005-12-01,2007-02-06,12,https://github.com/apache/activemq
airflow,1023938.229337128,486,84544,2015-04-13 18:04:58,-6,13814,122,4,False,72,933,491,9195,,41025,,40952,6612,28567,0.0,111.75,16,2,36,21,21.64810932948575,326,2016-03-31,2018-12-19,12,https://github.com/apache/airflow
allura,Issues missing,Issues missing,285,2014-04-05 07:00:06,22,33,0,4,False,1,Commits or Issues or PRs missing,25,0,,-1,,71850,1377,13610,Issues missing,42.72,40,0,9,11,13.989588134811962,245,2012-06-25,2014-03-19,12,https://github.com/apache/allura
ambari,765781.3315203603,11849,5893,2011-09-23 07:00:08,-712,1667,1,14,False,22,208,12,4044,,73203,,31139,2382,35483,0.04916608473943193,68.85,0,25,57,137,19.7611814247006,437,2011-08-30,2013-11-20,12,https://github.com/apache/ambari
amber,1416990.0503432495,0,5340,2017-04-17 18:02:35,0,204,0,3,False,0,0,0,674,,1731,,45152,187,1306,0.0,0.15,0,0,0,0,7.993363999698364,21,2010-05-09,2013-01-16,12,https://github.com/amberframework/amber
any23,13348221.226230945,514,243,2012-06-04 07:00:25,-88,55,0,2,True,2,32,2,231,,73794,,23361,168,1952,0.004649651276154288,83.04,24,1,1,2,3.243721433135106,159,2011-10-01,2012-08-28,12,https://github.com/apache/any23
apex-core,1396136.5372975792,1821,878,2015-08-25 07:00:05,174,176,-60,3,True,-5,93,13,3,,12149,,80363,318,5979,0.018842439386776523,49.37,29,5,8,25,7.6065396405601975,533,2015-08-17,2016-04-20,12,https://github.com/apache/apex-core
activemq-apollo,2006277.8695652173,68,375,2011-01-28 08:00:12,0,71,0,1,True,0,8,0,0,,-1,,3439,231,2039,0.0011686443725278676,22.47,35,1,7,13,9.322922125563359,226,2004-11-08,2005-06-03,12,https://github.com/apache/activemq-apollo
aries,6276092.744544736,1267,383,2009-09-30 08:00:10,-352,155,0,7,False,-3,97,11,454,,-1,,6761,164,20683,0.01830544709532788,61.24,34,2,3,14,11.762656022302478,180,2009-09-22,2010-12-15,12,https://github.com/apache/aries
asterixdb,2026352.3108965103,1437,702,2015-03-10 19:06:29,-74,138,1,5,False,1,65,7,0,,-1,,38214,930,8880,0.013585632902009785,21.82,0,15,20,116,15.093468110387763,894,2015-02-28,2016-04-20,12,https://github.com/apache/asterixdb
atlas,4064172.445812565,7844,17716,2017-02-28 06:31:43,-420,1476,6,1,False,19,337,0,204,,-1,,56893,165,1805,0.03426157141673669,4.77,0,34,24,146,37.58379160014407,1391,2015-05-05,2017-06-21,12,https://github.com/alibaba/atlas
aurora,4232884.336787762,3290,8243,2022-08-19 13:39:16,0,633,0,1,False,0,108,0,386,,-1,,45940,62,358,0.10753424657534247,0.0,5,0,0,0,16.552894442516102,71,2013-10-01,2015-03-18,12,https://github.com/linhaojun857/aurora
beam,11782722.634169074,4666,19564,2016-02-02 08:00:06,116,4198,415,36,False,9,401,39,6636,,13153,,454,5894,79745,0.008989920754626637,75.63,0,17,79,149,12.888702257245757,2003,2016-02-01,2016-12-21,12,https://github.com/apache/beam
bval,7829269.789685184,400,107,2011-02-02 08:00:07,126,29,0,2,False,-3,31,5,141,,-1,,71588,67,1561,0.037832929782082324,32.81,12,0,0,0,5.550424049038543,67,2010-03-01,2012-02-15,12,https://github.com/apache/bval
Bigtop,2239355.087712103,2658,1685,2011-08-04 16:09:56,-35,497,0,5,False,-1,99,3,528,,7303,,68013,421,3824,0.04199438481909958,202.59,6,0,1,0,12.363922038083125,83,2011-06-20,2012-09-19,12,https://github.com/apache/Bigtop
Bloodhound,Issues missing,Issues missing,329,2013-04-08 07:20:19,-131,37,0,1,True,2,Commits or Issues or PRs missing,3,0,,-1,,46401,71,1483,Issues missing,33.49,6,7,6,28,14.788732394366198,339,2011-12-23,2013-03-20,12,https://github.com/apache/Bloodhound
brooklyn,5337527.811984751,1098,346,2015-12-02 08:00:06,27,70,0,1,True,3,62,10,6,,-1,,26297,83,2506,0.5772151898734177,0.0,0,0,0,0,0.0,0,2014-05-01,2015-11-18,12,https://github.com/apache/brooklyn
Buildr,14307120.323351242,892,368,2009-05-21 03:16:15,-90,90,0,3,True,2,84,0,435,,-1,,71886,7,4393,0.04629035706649562,7.7,27,0,4,3,11.341433039050175,106,2007-11-01,2009-02-23,12,https://github.com/apache/Buildr
cxf,5305442.43280377,3837,3135,2014-02-19 08:00:08,0,1427,0,2,False,0,329,0,540,,22704,,81450,987,38174,0.04029562748024903,122.24,0,1,18,78,10.954682545820122,270,2006-08-15,2008-04-16,12,https://github.com/apache/cxf
calcite,2703570.3499742015,3752,11246,2014-06-25 07:00:07,6,2314,34,2,False,5,180,21,1586,,25377,,74996,1073,4904,0.03934204004006029,51.01,0,6,34,64,5.842364724754489,474,2014-05-19,2015-10-22,12,https://github.com/apache/calcite
carbondata,2573552.0577221178,2488,3562,2016-06-28 07:00:06,-38,704,186,6,False,24,227,18,257,,-1,,38704,852,5208,0.027771365252320053,69.03,0,11,6,97,11.891818223117344,361,2016-06-02,2017-04-19,12,https://github.com/apache/carbondata
cassandra,3227039.5237649814,6021,20788,2009-05-21 02:10:09,-301,3572,0,10,False,2,184,2,789,,49549,,34656,15937,15638,0.024783786973758208,96.35,12,3,31,46,5.020485683911272,420,2009-01-01,2010-02-17,12,https://github.com/apache/cassandra
Cayenne,6577428.130723387,864,759,2009-05-21 01:05:37,0,133,0,2,False,0,57,0,0,,79622,,56294,2111,6554,0.015116948465917572,68.57,0,8,5,28,11.015244726879395,1258,2006-03-09,2006-12-20,12,https://github.com/apache/Cayenne
celeborn,888140.8746164137,2558,1984,2021-12-10 08:57:16,-30,338,-110,5,False,7,211,43,1031,,62324,,35643,684,1950,0.00911526284660613,38.74,38,1,7,24,14.674099330699429,322,2022-10-18,2024-03-21,12,https://github.com/apache/celeborn
celix,9461165.844177874,374,403,2014-08-09 07:00:07,-34,85,0,2,False,2,25,0,1104,,47614,,16378,1869,2882,0.012629105683097558,6.08,40,1,6,10,10.43337983955354,154,2010-11-02,2014-07-16,12,https://github.com/apache/celix
Chemistry,3686599.8813372506,372,22,2009-05-21 02:28:25,-9,8,PRs missing,2,False,-2,Commits or Issues or PRs missing,4,0,,PRs missing,,PRs missing,25,482,0.1762496388327073,0.0,0,0,0,0,NaN,0,2009-04-30,2010-02-16,12,https://github.com/apache/Chemistry
Chukwa,2653716.3200955587,918,213,2012-04-07 07:00:24,32,45,0,1,True,-3,54,4,0,,-1,,34723,556,548,0.007568359375,15.01,38,1,6,17,12.52034649853131,385,2010-07-14,2013-09-27,12,https://github.com/apache/Chukwa
Clerezza,2862894.8425464923,1996,103,2011-02-12 08:00:07,356,29,0,1,False,-3,55,7,1,,-1,,68927,314,3798,0.01443277457049454,30.72,5,0,2,1,6.523757932208636,228,2009-11-27,2013-02-20,12,https://github.com/apache/Clerezza
Click,4661232.728844296,736,36,2013-11-08 08:00:11,303,12,PRs missing,1,True,0,Commits or Issues or PRs missing,1,0,,PRs missing,,PRs missing,570,10443,0.00293968326755212,21.34,43,1,5,7,13.827496316445654,194,2008-07-21,2009-11-18,12,https://github.com/apache/Click
cloudstack,2080764.2270408163,0,4792,2013-04-29 22:27:12,-51,1072,0,16,False,22,157,53,2707,,74294,,56320,612,50854,0.0,44.65,0,48,151,257,23.51793355806089,540,2012-04-16,2013-03-20,12,https://github.com/apache/cloudstack
incubator-CommonsRDF,3116378.3989677425,623,133,2015-03-19 07:00:05,-16,43,-11,2,False,-4,26,7,0,,-1,,69811,229,1491,0.005708848715509039,71.25,2,0,0,0,5.288736420811892,91,2015-03-06,2016-11-28,12,https://github.com/apache/incubator-CommonsRDF
cordova,1748916.7862903227,0,1264,2018-02-13 10:02:11,0,62,0,1,True,0,0,0,2,,27,,36686,24,25,0.0,0.0,0,0,0,0,NaN,0,2011-10-15,2012-10-17,12,https://github.com/apache/cordova
CouchDB,17370697.99749606,421,13234,2009-05-21 02:03:38,-113,1018,0,2,False,1,96,0,3943,,74697,,23859,571,17018,0.04353470258240994,45.44,25,9,27,22,15.131052153952917,446,2008-02-12,2008-11-19,12,https://github.com/apache/CouchDB
Crunch,438762.56447754515,1237,293,2012-10-19 07:00:12,85,85,0,1,True,-9,56,9,0,,-1,,61888,57,1217,0.0467412771560237,18.36,20,0,0,4,14.26175538853345,114,2012-05-26,2013-02-20,12,https://github.com/apache/Crunch
Curator,8543990.76894107,263,7406,2014-03-03 08:00:07,41,1236,0,2,False,2,49,0,1092,,3771,,3988,297,2764,0.03545716342692585,98.19,13,0,1,0,9.302192126707219,78,2013-03-11,2013-09-01,12,https://github.com/apache/Curator
Daffodil,19028044.231168017,2548,253,2017-08-29 07:00:10,-22,73,53,2,False,0,69,18,0,,5835,,44482,154,3934,0.009129213483146067,67.37,32,3,11,11,8.760543113873284,740,2017-08-27,2021-02-17,12,https://github.com/apache/Daffodil
DataFu,16224143.333162652,875,294,2014-01-14 08:00:07,23,66,1,1,False,-4,76,19,0,,202,,73929,145,526,0.0013168724279835392,64.74,17,0,0,6,20.682749203459263,181,2014-01-05,2018-02-21,12,https://github.com/apache/DataFu
DataSketches,5524025.4081,35,176,2019-05-08 19:29:09,32,10,0,1,True,-1,13,1,0,,-1,,376,509,112,5.340168749332479e-05,0.0,0,0,0,0,0.0,0,2019-03-30,2020-12-16,12,https://github.com/apache/DataSketches
DeltaSpike,7193572.719667012,1046,433,2013-06-04 07:00:12,89,137,0,2,False,-4,85,12,1228,,-1,,14317,64,2628,0.043863786435241955,83.62,38,0,0,8,3.312295973884657,141,2011-12-07,2013-05-28,12,https://github.com/apache/DeltaSpike
Deltacloud,1942697.7177250981,281,169,2010-07-29 23:31:00,258,25,1,2,True,2,41,1,0,,-1,,65397,88,2586,0.034282064021577116,159.19,14,0,2,0,27.735445895823254,94,2010-05-19,2011-10-26,12,https://github.com/apache/Deltacloud
Derby,7317177.814795682,1776,818,2011-06-19 07:00:34,-153,140,0,4,False,-1,171,2,0,,-1,,67715,117,8152,0.04954986969912343,95.1,0,22,53,170,10.741400427322358,901,2004-08-15,2005-07-18,12,https://github.com/apache/Derby
DirectMemory,1849309.6265779824,437,136,2011-10-15 07:00:08,75,28,-1,1,True,-3,28,1,0,,-1,,76108,10,643,0.008926627476594819,40.69,3,0,2,0,7.289701062667594,78,2011-10-05,2012-08-15,12,https://github.com/apache/DirectMemory
DistributedLog,1494305.4623906256,971,440,2016-07-22 07:00:06,-5,74,-20,1,True,-6,52,20,0,,75865,,25760,53,310,0.004650376257715397,43.83,40,1,6,10,5.70827425330467,136,2016-06-24,2017-07-01,12,https://github.com/apache/DistributedLog
DolphinScheduler,758930.9804658152,7150,29384,2019-03-01 16:39:25,12,4506,86,12,False,19,424,122,2355,,60410,,26689,1619,9270,0.0,30.91,41,1,7,40,18.12270828003752,494,2019-08-29,2021-03-17,12,https://github.com/apache/DolphinScheduler
incubator-Doris,1725646.2921501705,7469,26907,2017-08-10 12:13:30,-1062,3129,1666,16,False,123,567,193,8227,,84653,,13055,5005,27023,0.0,38.77,0,50,132,464,26.528889782873037,1039,2018-07-18,2022-06-15,12,https://github.com/apache/incubator-Doris
Drill,4160190.3085112846,5875,4831,2012-09-05 07:00:26,-282,983,2,9,False,17,246,21,669,,1272,,23006,264,4496,0.07747495270791004,58.78,0,9,9,57,11.353865257781475,358,2012-08-11,2014-11-19,12,https://github.com/apache/Drill
Druid,17795523.673546858,7227,30275,2012-10-23 19:08:07,-166,3657,74,7,False,10,398,109,2924,,80283,,84603,4255,11903,0.0,118.46,0,5,39,181,17.606106537059308,644,2018-02-28,2019-12-18,12,https://github.com/apache/Druid
Dubbo,3568030.261752914,6622,106830,2012-06-19 07:56:02,-196,26350,154,6,False,27,642,84,4006,,84701,,67118,395,8868,7.202146239579394e-05,73.21,33,2,3,15,11.023236084272046,260,2018-02-16,2019-05-15,12,https://github.com/apache/Dubbo
ECharts,6254384.54312573,22388,138936,2013-04-03 03:18:59,-275,19576,101,2,False,5,1731,68,3318,,59890,,35500,361,9309,3.3215970238490664e-05,143.57,31,1,4,89,15.36511346180265,211,2018-01-18,2020-12-16,12,https://github.com/apache/ECharts
ESME,4435278.189178218,871,46,2010-05-26 23:38:08,-133,12,0,2,True,2,30,3,0,,-1,,58383,90,2060,0.04081033470346448,12.3,5,0,0,0,14.701921899865345,98,2008-12-02,2010-12-15,12,https://github.com/apache/ESME
Eagle,1588072.006220073,3640,995,2015-11-18 08:00:06,-145,181,52,3,True,5,98,13,0,,-1,,62996,134,990,0.011411428250995346,29.28,42,1,0,9,15.599232616346288,246,2015-10-26,2016-12-21,12,https://github.com/apache/Eagle
Empire-db,12525233.49368811,332,190,2011-07-14 07:03:04,138,24,0,1,False,2,31,0,0,,-1,,32762,144,1700,0.01044841097083152,4.71,31,8,3,6,51.93314590802404,140,2008-07-08,2012-01-24,12,https://github.com/apache/Empire-db
Etch,11666261.171568867,488,43,2009-03-27 15:41:55,40,9,PRs missing,3,False,-4,Commits or Issues or PRs missing,9,0,,PRs missing,,PRs missing,216,455,0.0054585152838427945,92.36,36,1,3,5,11.387594119756185,213,2008-09-02,2013-01-16,12,https://github.com/apache/Etch
EventMesh,4189583.6549390242,2707,3769,2019-09-16 03:04:56,-993,623,347,5,False,156,359,72,2625,,53866,,13132,1432,4857,7.117336408022661e-05,9.48,32,2,10,46,22.075353753480705,1019,2021-02-18,2023-02-15,12,https://github.com/apache/EventMesh
Falcon,1868437.627718405,5253,317,2013-07-20 07:00:14,-127,117,2,6,False,4,119,5,0,,-1,,28092,1258,1298,0.0368270169801216,64.57,39,2,4,21,12.483862810599305,327,2013-03-27,2014-12-17,12,https://github.com/apache/Falcon
Felix,5142729.431256367,924,896,2009-05-20 02:00:07,-196,322,0,2,False,-1,81,9,0,,-1,,69377,2303,35027,0.038252949699855106,0.0,0,0,0,0,NaN,0,2005-07-19,2007-04-01,12,https://github.com/apache/Felix
Fineract,9656785.984694434,1082,4050,2015-12-22 08:00:06,51,1542,32,11,False,0,124,20,564,,30755,,72769,544,7464,0.012892469423338805,41.58,0,7,29,101,20.08146023841439,578,2015-12-15,2017-04-19,12,https://github.com/apache/Fineract
incubator-Flagon,17518627.769230768,25,65,2017-01-12 08:00:06,0,15,1,2,False,0,17,15,0,,25304,,785,117,144,0.0,0.0,42,0,8,10,23.395102581072138,267,2016-07-13,2023-04-22,12,https://github.com/apache/incubator-Flagon
Flink,4324400.851542074,7211,60172,2014-06-07 07:00:10,-463,13102,85,16,False,16,175,10,12851,,62505,,7828,6925,40618,0.017610098391586823,113.4,0,21,65,214,14.329816034384866,436,2014-04-14,2014-12-17,12,https://github.com/apache/Flink
Flume,11704806.925416945,3713,6604,2011-08-12 18:20:14,408,1568,0,4,False,0,164,4,184,,-1,,86396,41,2807,0.03768732819012149,98.9,46,0,1,7,8.636832500198366,185,2011-06-13,2012-06-20,12,https://github.com/apache/Flume
Fluo,8056326.837037037,269,448,2013-06-19 20:14:05,58,78,-21,2,True,1,12,3,86,,41118,,40920,203,885,0.0,52.38,15,0,2,2,17.636709128017454,140,2016-05-17,2017-07-19,12,https://github.com/apache/Fluo
FreeMarker,2172687.1029326427,455,2158,2015-09-04 07:00:05,300,262,3,1,False,2,91,13,0,,-1,,37248,540,3163,0.004669069462647444,73.51,2,13,7,26,8.418863007749103,264,2015-07-01,2018-03-21,12,https://github.com/apache/FreeMarker
FtpServer,4380432.478579778,416,213,2011-04-21 07:00:07,-11,57,0,1,True,-3,60,5,0,,-1,,45016,79,1084,0.02929860905593371,59.71,21,0,0,6,12.512358563111063,149,2003-03-29,2007-12-18,12,https://github.com/apache/FtpServer
Geode,3973503.7176498156,9126,5240,2015-04-30 07:00:05,-566,684,55,3,False,15,223,38,561,,49320,,13785,1810,11482,0.02425738171469228,22.39,0,8,73,179,16.539515379666913,1599,2015-04-27,2016-11-16,12,https://github.com/apache/Geode
Geronimo,5353122.073008941,646,90,2009-07-01 08:09:43,216,22,0,4,True,-2,70,0,0,,-1,,6186,1082,15550,0.002156340654169422,25.16,0,4,10,60,19.08079888683134,350,2003-08-06,2004-05-26,12,https://github.com/apache/Geronimo
Giraph,1298573.5597413937,1674,1533,2011-08-28 07:00:33,-5,299,0,4,True,-1,85,5,0,,-1,,39915,9,1165,0.020250723240115717,18.25,42,0,2,19,7.487871757013289,179,2011-08-01,2012-05-16,12,https://github.com/apache/Giraph
Gobblin,1098363.107780876,2223,5162,2014-12-01 18:10:50,273,746,-130,10,False,-13,223,79,346,,1097,,72080,325,6119,0.005651288448676231,48.95,41,0,0,14,8.002346366990322,245,2017-02-23,2021-01-20,12,https://github.com/apache/Gobblin
Gora,8514490.679457834,421,351,2014-05-19 07:00:07,-16,119,0,5,False,2,40,4,146,,64072,,63300,386,1242,0.018000669792364365,32.07,33,0,0,5,15.517833301544917,185,2010-09-26,2012-01-15,12,https://github.com/apache/Gora
Griffin,3495791.242364961,716,2820,2017-02-15 08:00:06,-64,588,43,5,False,12,94,26,545,,49903,,59963,252,864,0.004185424873382105,25.33,5,0,1,1,19.287151480310435,102,2016-12-05,2018-11-21,12,https://github.com/apache/Griffin
Groovy,11021579.950147426,1563,12146,2015-04-16 07:00:05,139,1868,52,5,False,-5,302,15,10288,,48411,,43412,749,37570,0.034280485229592435,98.22,0,9,26,39,5.842585959885387,340,2015-03-17,2015-11-18,12,https://github.com/apache/Groovy
incubator-Guacamole,3919637.179717367,1374,2,2016-02-11 08:00:06,Commits missing,0,PRs missing,0,Commits missing,Commits missing,Commits or Issues or PRs missing,Commits missing,PRs or commits missing,,PRs missing,,PRs missing,Commits missing,Commits missing,0,0.0,0,0,0,0,NaN,0,2016-02-10,2017-11-15,12,https://github.com/apache/incubator-Guacamole
HAWQ,1500340.8587483051,8207,1721,2015-09-05 07:00:05,120,327,-117,1,True,-20,275,89,94,,17846,,58494,211,2721,0.005026888646467748,17.8,0,31,196,227,17.08381935344582,651,2015-09-04,2018-08-15,12,https://github.com/apache/HAWQ
HCatalog,1505300.596588132,3832,170,2011-04-14 07:00:07,-24,48,0,2,True,1,81,4,0,,-1,,-1,593,113,0.10196394942157654,82.51,24,2,0,3,6.897921355752681,156,2011-03-14,2013-02-13,12,https://github.com/apache/HCatalog
Hama,2016328.7287991385,4140,335,2010-08-25 07:00:06,-72,75,0,2,False,1,62,4,0,,-1,,77305,553,1171,0.003947085927565193,13.52,30,0,2,4,10.131879279736241,170,2008-05-20,2012-05-16,12,https://github.com/apache/Hama
Harmony,1158840.38778382,9574,207,2010-05-26 23:38:08,-30,39,PRs missing,1,False,2,Commits or Issues or PRs missing,2,0,,PRs missing,,PRs missing,61,1389,0.07446035699460357,63.54,0,50,126,349,16.962352511435896,3730,2005-05-18,2006-10-29,12,https://github.com/apache/Harmony
Helix,3662591.475987118,845,1126,2014-01-13 08:00:06,33,218,0,6,False,-1,43,6,1277,,73458,,53611,243,4793,0.008213801124248885,87.88,32,1,8,23,7.687548923061384,401,2012-10-14,2013-12-18,12,https://github.com/apache/Helix
Hop,9956725.067920053,2666,2118,2019-09-24 10:48:12,-69,328,-46,2,False,-4,125,19,1714,,85030,,70831,220,6946,0.00658901795030694,15.65,0,31,88,676,27.65311117984559,594,2020-09-24,2021-12-16,12,https://github.com/apache/Hop
Hudi,954899.7610319076,1722,12817,2016-12-14 15:53:41,-165,2383,195,12,False,37,171,38,1955,,12142,,17986,1659,7516,0.0,67.84,0,9,16,81,25.370530900479945,291,2019-01-17,2020-05-20,12,https://github.com/apache/Hudi
Iceberg,7182701.316714491,1407,13884,2018-11-19 16:26:46,-33,2074,117,4,False,17,140,46,1170,,61360,,2237,856,5085,0.0,120.32,30,2,4,19,56.96438404657017,194,2018-11-16,2020-05-20,12,https://github.com/apache/Iceberg
Ignite,1599548.3711340206,0,11338,2015-02-19 08:00:05,487,1888,205,8,False,13,53,8,2418,,53860,,16696,2280,31388,0.0,82.67,0,17,45,113,9.115681876327548,458,2014-10-01,2015-09-18,12,https://github.com/apache/Ignite
Impala,6952346.002343155,15109,2713,2016-04-13 07:00:08,22,501,5,16,False,3,482,49,0,,-1,,18866,1308,11388,0.0326004583512139,22.61,0,15,80,151,37.817837945450925,1061,2015-12-03,2017-11-15,12,https://github.com/apache/Impala
inlong,2799853.7865064694,3176,3209,2020-01-03 07:13:14,-666,513,527,8,False,36,140,59,996,,39356,,56535,376,4670,0.0,11.53,0,2,18,71,30.447170894554425,505,2019-11-03,2022-06-15,12,https://github.com/apache/inlong
isis,8495139.0,0,115,2013-07-08 19:37:41,0,19,0,1,True,0,0,0,9,,-1,,47849,2,27,0.0,0.0,0,0,0,0,11.6,31,2010-09-07,2012-10-17,12,https://github.com/silentgrowl/isis
ant-ivy,10405759.174394222,905,249,2014-05-28 07:00:08,-15,115,0,2,False,1,110,0,0,,-1,,60841,1001,2394,0.07756298526382507,69.18,31,0,3,17,3.925680159256802,174,2006-10-23,2007-10-11,12,https://github.com/apache/ant-ivy
db-jdo,4307390.764389097,666,67,2018-07-20 14:42:36,61,11,0,2,False,1,20,0,135,,77997,,83781,195,1953,0.003848382773733203,3.79,0,50,33,140,38.77619027783563,464,2005-05-18,2005-12-09,12,https://github.com/apache/db-jdo
jspwiki,7615634.967521353,4461,311,2009-03-27 15:41:58,-12,101,0,1,False,-2,274,7,0,,-1,,60326,557,9688,0.005745796699059077,23.44,41,0,7,5,9.957978219696969,124,2007-09-17,2013-07-19,12,https://github.com/apache/jspwiki
jackrabbit,2778169.5282328557,1209,867,2009-05-21 01:43:24,-208,209,0,3,False,5,130,3,36,,81438,,70436,963,13975,0.0364752969390566,50.12,0,22,14,65,11.431264648935086,619,2004-08-28,2006-03-15,12,https://github.com/apache/jackrabbit
jaxme,2479891.0485543483,39,0,2013-09-30 21:08:58,0,0,PRs missing,1,True,0,Commits or Issues or PRs missing,0,0,,PRs missing,,PRs missing,3,1,0.05744949494949495,48.81,38,2,4,12,7.591554956616308,232,2003-09-15,2004-03-17,12,https://github.com/sisbell/jaxme
jena,341916.33904109587,0,2793,2013-01-04 08:00:32,166,643,0,1,False,0,10,5,53,,49805,,47339,1284,23808,0.0,41.89,0,50,89,95,40.87455518247414,2861,2010-11-23,2012-04-18,12,https://github.com/apache/jena
johnzon,3183048.971077252,228,164,2014-09-11 07:00:06,-15,66,0,2,False,3,21,3,19,,0,,85094,88,1010,0.06727648273827087,111.2,27,6,2,12,8.763954425135228,230,2014-06-09,2016-04-20,12,https://github.com/apache/johnzon
joshua,5767237.8681283165,630,271,2016-03-25 07:00:06,86,63,-11,3,True,-7,53,25,52,,-1,,79127,242,4139,0.0007553578025152863,11.1,25,5,8,22,20.812156280136577,429,2016-02-13,2018-10-17,12,https://github.com/apache/joshua
juneau,212245.0,0,195,2016-08-02 07:00:07,13,39,0,1,False,-1,12,6,1073,,-1,,52534,362,3063,0.0,63.65,0,13,11,35,24.50511147322962,403,2016-06-24,2017-10-18,12,https://github.com/apache/juneau
kafka,4881563.368126714,3218,69559,2011-08-15 18:06:16,-28,13689,0,20,False,1,197,3,3815,,627,,15538,314,19503,0.04011426610273855,150.76,3,5,40,82,7.793045814689051,354,2011-07-04,2012-10-23,12,https://github.com/apache/kafka
knox,3863104.6460014815,762,616,2014-03-01 08:00:06,29,248,0,4,False,1,36,0,541,,51875,,54137,90,3234,0.05832117414814179,76.17,45,1,6,5,30.686848317922486,345,2013-02-22,2014-02-19,12,https://github.com/apache/knox
kudu,9422959.918027366,981,4300,2016-01-29 08:00:06,-49,648,0,4,False,6,102,4,0,,-1,,40773,1807,9815,0.021403022288503885,22.52,0,5,60,91,8.128009354794331,330,2015-12-03,2016-07-20,12,https://github.com/apache/kudu
kylin,3423467.6758924467,2370,8779,2015-01-03 08:00:05,838,1533,6,2,False,-1,174,19,3418,,24924,,78576,1324,11325,0.00557244842751764,48.76,28,1,30,10,9.744745577412123,374,2014-11-25,2015-11-18,12,https://github.com/apache/kylin
kyuubi,994922.4987190436,3216,4912,2017-12-18 09:05:10,-82,884,52,5,False,7,188,66,1445,,46092,,69559,983,4202,0.0,52.24,25,6,8,29,26.109845054584174,429,2021-06-21,2022-12-22,12,https://github.com/apache/kyuubi
Lens,1869857.867993928,3685,219,2014-11-12 08:00:06,152,101,-4,3,False,10,102,9,0,,-1,,35949,100,2370,0.03259259259259259,69.67,36,3,4,12,4.54013573601685,185,2014-10-10,2015-08-19,12,https://github.com/apache/Lens
Lenya,Issues missing,Issues missing,46,2011-12-26 08:00:11,691,10,0,2,True,1,Commits or Issues or PRs missing,5,0,,-1,,41125,344,12523,Issues missing,8.72,26,0,0,2,27.470004443786106,248,2003-03-15,2004-08-18,12,https://github.com/apache/Lenya
Libcloud,6767726.1931034485,11,4980,2009-12-11 09:00:14,-16,928,5,3,False,0,22,7,2887,,75926,,25957,496,9984,0.0,90.82,45,0,16,2,31.055776143893183,154,2009-11-01,2011-05-19,12,https://github.com/apache/Libcloud
linkis,1045868.835408771,3084,7689,2019-07-23 06:41:51,-178,1151,107,8,False,11,150,68,1062,,7621,,61331,720,3524,0.0,8.55,2,1,13,61,35.37389338858542,225,2021-08-02,2022-12-22,12,https://github.com/apache/linkis
logging-log4php,9917073.167291261,254,285,2012-12-08 08:00:18,-47,83,0,2,True,2,36,4,5,,-1,,83148,3,1044,0.02599388379204893,77.06,9,0,0,1,1.3215859030837005,85,2004-01-31,2010-03-07,12,https://github.com/apache/logging-log4php
Lucene.NET,7368051.2342243,776,4992,2009-03-27 15:41:57,113,628,1,1,False,1,74,3,4898,,56350,,5107,707,7769,0.00239290333240276,55.12,0,32,40,195,14.81554623472187,1929,2011-02-05,2012-08-15,12,https://github.com/apache/Lucene.NET
Lucy,3056614.7383840824,334,224,2011-11-19 08:00:16,-105,26,0,2,False,4,23,3,0,,-1,,48161,24,3417,0.006492266564827191,19.95,14,14,8,25,9.83782815159932,512,2010-07-22,2012-02-22,12,https://github.com/apache/Lucy
MADlib,4570672.762391403,974,1057,2015-09-19 07:00:06,-27,147,31,5,False,-1,86,13,0,,-1,,8585,405,2684,0.03138737887024344,0.67,0,18,19,32,29.24762463969254,510,2015-09-15,2017-07-19,12,https://github.com/apache/MADlib
MRUnit,1853120.4706450012,474,103,2011-03-26 07:00:07,-76,27,0,2,True,2,47,1,0,,-1,,-1,53,282,0.06936416184971098,148.58,1,0,0,0,21.800327332242226,90,2011-03-08,2012-05-16,12,https://github.com/apache/MRUnit
MXNet,1734615.1247053542,38622,48272,2015-04-30 16:21:15,349,6808,-409,17,False,-111,1740,725,2192,,75425,,53462,3462,9542,0.0,19.19,0,16,40,165,24.583141634252094,555,2017-01-23,2022-09-21,12,https://github.com/apache/MXNet
ManifoldCF,1536761.0113331343,2390,217,2012-06-22 07:00:16,-61,65,0,1,False,1,66,4,163,,43190,,72076,1885,4653,0.005520859963721802,7.94,0,42,48,217,35.270220684594015,817,2010-01-10,2012-05-16,12,https://github.com/apache/ManifoldCF
Marmotta,3973982.483487847,1163,159,2014-01-22 08:00:07,-179,53,0,2,False,1,35,5,0,,-1,,47530,220,2211,0.013849514337500582,19.08,29,1,2,17,17.31584083805853,193,2012-12-03,2013-11-20,12,https://github.com/apache/Marmotta
Mesos,5316112.854583107,1793,12109,2013-07-17 07:00:13,-211,1675,0,11,False,5,157,2,982,,42321,,75391,2617,19484,0.011673345387417149,79.51,0,17,28,94,23.685758558351747,591,2010-12-23,2013-06-19,12,https://github.com/apache/Mesos
MetaModel,4544793.764252634,301,461,2013-08-07 07:00:14,7,151,0,2,False,-1,45,9,534,,-1,,54290,285,668,0.0260387811634349,58.67,40,0,0,2,5.719104007038897,119,2013-06-12,2014-11-20,12,https://github.com/apache/MetaModel
Metron,1507542.85586738,6100,2198,2015-12-08 08:00:05,78,512,83,4,False,-2,131,27,0,,-1,,70919,654,1014,0.00884475054318862,55.02,44,2,2,11,16.622195269860523,243,2015-12-06,2017-04-19,12,https://github.com/apache/Metron
Mnemonic,4917420.888888889,0,297,2016-03-29 07:00:06,10,63,-6,1,False,8,22,9,96,,-1,,77179,117,675,0.0,32.73,14,0,1,4,32.5463073376262,152,2016-03-03,2017-11-15,12,https://github.com/apache/Mnemonic
MyFaces,11591573.477364866,280,305,2018-05-08 11:41:08,0,71,0,2,False,0,61,0,1920,,14313,,27265,140,8242,0.03619809323499702,53.69,0,2,16,94,16.424881545924165,324,2004-07-16,2005-03-09,12,https://github.com/apache/MyFaces
Mynewt-core,7153691.939189189,0,1996,2015-10-29 07:00:07,-74,366,198,5,False,19,56,14,963,,81890,,13292,371,10773,0.0,2.4,0,23,81,106,30.48961477519591,608,2015-10-20,2017-06-21,12,https://github.com/apache/Mynewt-core
NiFi,6098392.2830699645,4514,11849,2014-12-12 08:00:05,57,2643,-7,5,False,4,168,5,5532,,63454,,6860,377,11986,0.020397499513709574,46.2,0,16,39,137,16.829640203743956,834,2014-11-24,2015-07-15,12,https://github.com/apache/NiFi
Nutch,9465195.94196493,226,6953,2009-05-21 01:17:48,0,1245,0,5,False,0,68,0,226,,28715,,7741,1737,2571,0.00959283115600514,20.27,21,4,2,38,15.064916225429753,250,2005-01-15,2005-06-01,12,https://github.com/apache/Nutch
Nuvem,171898.90657142855,82,9,2010-08-12 03:32:41,17,5,0,2,True,-3,14,4,0,,-1,,-1,0,141,0.009828009828009828,24.59,8,0,0,0,24.067333939945406,37,2010-06-24,2012-11-29,12,https://github.com/apache/Nuvem
OFBiz,5850900.638448691,2878,2099,2009-05-20 01:47:56,-667,553,0,3,False,5,130,0,0,,-1,,69591,232,31770,0.005475233220969169,2.34,0,48,105,243,17.533314811798856,753,2006-01-31,2006-12-20,12,https://github.com/apache/OFBiz
commons-ognl,5530371.727073299,134,204,2013-07-10 07:00:15,0,40,0,1,False,0,22,0,3,,-1,,38528,26,965,0.08882655446470314,46.27,33,1,1,8,5.818472793781436,160,2011-04-26,2011-08-30,12,https://github.com/apache/commons-ognl
OODT,7170435.904155253,241,187,2013-01-21 08:00:15,-296,61,0,3,False,7,29,0,106,,16789,,64863,777,2135,0.0011474151044206138,24.07,45,0,11,13,34.5919090075827,167,2010-01-21,2010-11-17,12,https://github.com/apache/OODT
Ode,7633592.074445862,362,149,2009-05-21 02:41:15,-428,61,0,3,True,3,55,3,0,,-1,,61799,86,5571,0.03010295950874925,41.48,16,3,8,26,15.438564941779436,307,2006-02-17,2007-07-18,12,https://github.com/apache/Ode
incubator-Omid,3118838.6809346927,947,228,2016-04-14 07:00:06,190,56,-1,2,False,-8,40,11,6,,-1,,10371,68,1440,0.017839639286414428,111.23,6,0,0,0,3.3870967741935485,65,2016-03-28,2019-11-15,12,https://github.com/apache/incubator-Omid
Onami,798863.0274423077,441,25,2019-01-25 13:52:00,0,3,PRs missing,1,False,0,Commits or Issues or PRs missing,0,0,,PRs missing,,PRs missing,6,1506,0.019476567255021303,112.14,6,0,0,2,4.466631634261692,115,2012-11-14,2013-04-17,12,https://github.com/apache/Onami
Oozie,6493955.899921257,3954,1878,2011-09-14 07:00:10,272,470,1,3,False,0,124,2,0,,-1,,69082,2630,552,0.07030933615775209,95.28,33,3,7,35,10.354528641016959,381,2011-07-11,2012-08-28,12,https://github.com/apache/Oozie
climate,3699731.3453513547,753,388,2014-03-08 08:00:06,184,112,21,3,False,-3,37,6,65,,-1,,79733,184,2868,0.008533616854592765,37.66,36,6,2,16,20.281325407568712,405,2013-02-15,2014-02-19,12,https://github.com/apache/climate
opendal,1360499.9835766423,3495,6504,2022-02-14 05:18:44,156,422,-146,3,False,-10,244,77,1833,,30386,,3177,1282,3409,0.0,10.54,2,0,1,4,22.33431631227689,170,2023-02-27,2024-01-18,12,https://github.com/apache/opendal
OpenEJB,12168864.498799697,810,52,2013-01-23 08:00:17,-586,28,0,2,False,-4,54,3,0,,-1,,85757,900,23327,0.005834452652787105,47.99,0,21,12,148,23.458501303087388,343,2006-07-05,2007-05-16,12,https://github.com/apache/OpenEJB
OpenJPA,5886853.804345235,1008,406,2009-05-21 01:13:25,-139,132,0,4,False,6,110,2,0,,56152,,25369,272,7311,0.04819708159771025,76.35,0,19,46,53,13.097100062562102,511,2006-04-10,2007-05-16,12,https://github.com/apache/OpenJPA
OpenNLP,13076362.754621353,1246,3265,2011-11-09 08:00:09,92,445,0,2,False,-2,75,3,152,,83631,,15291,95,2940,0.021991412324474876,33.3,39,1,3,6,14.754860711280394,200,2010-11-23,2012-02-15,12,https://github.com/apache/OpenNLP
OpenWebBeans,6846281.397965649,397,183,2011-01-28 08:00:11,40,57,0,2,False,-1,20,2,123,,-1,,73099,119,4380,0.031584453206727287,83.01,44,0,5,9,5.5863808322824715,150,2008-10-26,2009-12-17,12,https://github.com/apache/OpenWebBeans
OpenWhisk,4079354.739025857,4820,14020,2016-02-18 21:16:19,113,1162,-127,9,False,5,263,114,789,,22429,,29951,646,2459,0.0,126.9,40,0,2,8,8.291624475625634,165,2016-11-23,2019-07-17,12,https://github.com/apache/OpenWhisk
Openmeetings,1488120.642857143,0,1508,2015-03-13 07:00:05,0,254,0,1,False,0,0,0,0,,-1,,17270,116,5892,0.0,6.05,42,0,3,16,22.43413936959209,303,2011-11-12,2013-01-18,12,https://github.com/apache/Openmeetings
PDFBox,11937179.846509341,968,5920,2009-09-26 08:00:19,-75,838,0,3,False,3,151,2,0,,-1,,78554,293,19323,0.0391852770885029,19.79,22,2,14,50,18.636825833752734,340,2008-02-07,2009-10-21,12,https://github.com/apache/PDFBox
paimon,833410.7706766918,1907,5166,2022-01-12 03:13:15,61,854,-133,3,False,-10,201,68,99,,60923,,15168,965,2389,0.0,74.4,23,1,4,20,10.422021535255297,201,2023-03-12,2024-03-21,12,https://github.com/apache/paimon
Phoenix,3402117.0505230892,6477,3032,2014-06-04 07:00:08,0,994,0,4,False,0,158,0,1489,,83685,,72260,165,14658,0.046757893718872394,16.03,0,19,60,252,22.691490157122868,1164,2013-12-11,2014-05-21,12,https://github.com/apache/Phoenix
Pig,3478102.0736324238,3266,1801,2009-05-21 01:10:43,-100,449,0,4,False,-6,141,8,0,,-1,,4913,4647,1663,0.03416074619709716,74.72,0,11,18,64,15.04034216288521,495,2007-10-02,2008-10-22,12,https://github.com/apache/Pig
Pinot,2758498.131188119,2774,11781,2014-05-19 23:27:48,37,1231,-32,7,False,13,260,115,1926,,28027,,19053,300,11724,0.0,60.44,0,13,15,101,14.207303169484348,434,2018-10-17,2021-07-21,12,https://github.com/apache/Pinot
Pivot,3156522.0658247666,838,99,2011-08-18 07:00:12,-295,25,PRs missing,3,False,3,Commits or Issues or PRs missing,1,0,,PRs missing,,PRs missing,46,5119,0.00825102829979557,9.34,13,3,15,38,17.68072791673618,346,2009-01-26,2009-12-16,12,https://github.com/apache/Pivot
Pluto,10376787.017367985,109,18,2009-05-21 01:09:18,-70,10,0,3,True,1,43,4,0,,-1,,9645,54,2243,0.03291525648682726,18.29,17,0,0,4,9.310949298813377,134,2003-09-30,2004-05-15,12,https://github.com/apache/Pluto
PredictionIO,3608154.793075473,818,27019,2013-01-25 19:42:32,49,1935,-15,5,False,-4,107,34,90,,-1,,284,1492,3010,0.0016255682600909217,39.02,8,0,0,4,14.771927079258274,686,2016-05-26,2017-10-18,12,https://github.com/apache/PredictionIO
Pulsar,5351959.264741484,1288,31473,2016-06-28 07:00:03,-265,3537,239,12,False,10,104,20,7279,,43459,,64666,3295,17031,0.0,98.41,0,5,42,109,11.537613250589228,327,2017-06-01,2018-09-19,12,https://github.com/apache/Pulsar
Qpid,7839941.428952428,4320,341,2009-05-21 03:17:04,-557,91,0,1,True,5,108,7,0,,-1,,26908,2838,35301,0.02386301790424092,76.21,24,2,2,12,7.471264367816092,244,2006-08-27,2008-12-18,12,https://github.com/apache/Qpid
creadur-rat,11763581.868168116,391,96,2012-10-11 07:00:29,-8,44,0,2,False,1,47,5,234,,2882,,56429,236,2659,0.013325772611284377,81.55,5,0,0,2,4.260306080242658,119,2008-01-06,2012-04-18,12,https://github.com/apache/creadur-rat
REEF,2778333.256623267,4051,285,2014-10-23 07:00:10,143,97,196,5,True,11,93,14,201,,39643,,51017,217,3741,0.012441023094114725,40.22,44,0,0,7,8.381204890263662,180,2014-08-12,2015-11-18,12,https://github.com/apache/REEF
Ranger,2837091.6547071375,4591,2707,2014-07-27 07:00:08,119,943,5,7,False,7,225,25,20,,1690,,63943,234,6801,0.025689041725540936,13.3,0,26,63,135,27.358754992706032,454,2014-07-24,2017-01-18,12,https://github.com/apache/Ranger
Rave,2451691.2257217956,1655,44,2014-03-19 07:00:06,-89,14,0,3,False,-2,68,4,0,,-1,,68270,41,1730,0.045754956786985254,62.85,19,2,1,1,15.70625536510398,60,2011-03-01,2012-03-21,12,https://github.com/apache/Rave
RocketMQ,4179780.3138552,0,53180,2016-11-30 08:00:08,81,11534,-15,7,False,-5,54,15,977,,41341,,85435,1002,7825,0.0,42.73,10,4,17,62,12.167478058437199,324,2016-11-21,2017-09-20,12,https://github.com/apache/RocketMQ
Roller,35028247.56510864,1633,363,2009-05-21 02:42:21,-177,119,0,2,False,1,175,1,206,,30,,62247,319,4836,0.00451711329265057,11.42,36,2,0,16,13.617451928483076,304,2005-06-20,2007-02-21,12,https://github.com/apache/Roller
Rya,5337707.143636074,3382,298,2015-10-06 07:00:05,10,80,-4,5,True,-3,93,37,0,,-1,,43869,56,441,0.019549559849091118,69.83,34,1,1,13,14.092442701148471,251,2015-09-18,2019-09-18,12,https://github.com/apache/Rya
SINGA,2115291.305882353,0,7896,2015-04-02 07:00:05,-2,1228,56,5,False,7,80,49,59,,-1,,15550,563,2242,0.0,49.84,40,0,10,6,14.906635112124448,114,2015-03-17,2019-10-16,12,https://github.com/apache/SINGA
SIS,27125651.41981724,197,241,2013-06-11 07:00:15,-7,45,0,1,False,-1,29,4,0,,47086,,33474,379,8801,0.0014392520983786124,32.52,0,12,7,59,3.3243404150330127,330,2010-02-21,2012-09-19,12,https://github.com/apache/SIS
Samza,3137115.141788171,3528,1937,2015-03-14 07:00:05,-18,329,0,14,False,7,160,27,430,,58,,77746,676,2303,0.04246630111948824,101.24,41,0,0,5,10.89988958410011,448,2013-07-30,2015-01-21,12,https://github.com/apache/Samza
Sanselan,Issues missing,Issues missing,90,2009-05-21 01:48:24,18,18,0,1,True,-2,Commits or Issues or PRs missing,2,0,,-1,,66727,37,291,Issues missing,15.57,31,0,0,19,10.477158153894251,194,2007-09-09,2009-06-30,12,https://github.com/apache/Sanselan
incubator-Sedona,1301940.800595238,35,4300,2015-04-24 18:01:29,-1,656,30,2,False,9,72,42,515,,47740,,19190,995,1259,0.0,82.0,31,0,5,18,23.928289331961032,260,2020-07-19,2022-12-21,12,https://github.com/apache/incubator-Sedona
Sentry,2891828.7415288896,6305,330,2016-03-26 07:00:07,-13,90,0,7,False,1,137,16,0,,-1,,31901,55,1694,0.10043420804228809,113.42,41,1,3,5,25.590229972974353,158,2013-08-08,2016-03-16,12,https://github.com/apache/Sentry
servicecomb-java-chassis,2486568.5857371795,319,4594,2017-05-18 09:29:30,189,802,-120,2,False,-35,88,46,173,,14560,,9584,169,4331,0.0,70.69,33,0,0,0,9.877403479737822,73,2017-11-22,2018-10-17,12,https://github.com/apache/servicecomb-java-chassis
ServiceMix,9505022.890423281,2014,463,2014-03-28 07:00:07,0,153,0,2,True,0,217,0,28,,-1,,57078,33,941,0.2565341533055128,21.12,0,0,1,0,30.49464558898521,32,2005-12-01,2007-09-19,12,https://github.com/apache/ServiceMix
ShardingSphere,1161504.1938786507,8232,45940,2016-01-18 12:49:26,3642,6666,604,3,False,22,440,65,12154,,33251,,54743,5838,37364,0.0,88.48,45,0,31,0,50.824337628057144,81,2018-11-10,2020-04-16,12,https://github.com/apache/ShardingSphere
ShenYu,471951.3027959548,3454,19624,2018-07-11 08:17:45,-19,2902,-24,16,False,-16,296,109,458,,69270,,83477,237,3235,0.0,65.23,49,0,5,0,28.992826398852223,79,2021-05-03,2022-07-28,12,https://github.com/apache/ShenYu
Shindig,2131112.2827931223,4752,201,2009-05-21 08:41:05,54,69,0,4,True,-5,293,10,0,,-1,,77022,150,5223,0.053649407361197755,60.48,33,0,1,8,28.03985044138903,121,2007-12-03,2010-01-21,12,https://github.com/apache/Shindig
Shiro,285430.79032258067,0,10860,2009-08-29 08:00:17,135,2308,0,3,False,-1,10,4,1368,,2214,,20007,127,4602,0.0,72.19,7,0,0,3,2.836151477499865,146,2008-05-20,2010-09-22,12,https://github.com/apache/Shiro
SkyWalking,471212.21141602634,3957,53543,2015-11-07 03:30:36,506,6469,6,4,False,12,301,53,1200,,20342,,60668,3210,5035,0.0,53.23,48,0,0,11,15.20599756855329,166,2017-12-08,2019-04-17,12,https://github.com/apache/SkyWalking
Sling,2693158.6690781005,3708,698,2009-03-27 15:41:54,492,260,0,1,False,2,108,2,0,,1066,,81086,3266,46606,0.053478048667115995,0.0,0,0,0,0,NaN,0,2007-09-09,2009-06-17,12,https://github.com/apache/Sling
solr,5804980.244132344,663,2827,2021-02-23 00:12:42,-48,627,0,13,False,4,139,1,12238,,45814,,28083,26078,44321,0.014599517557871056,80.9,0,12,37,173,14.323452550782088,675,2006-01-17,2007-01-17,12,https://github.com/apache/solr
spamassassin,Issues missing,Issues missing,628,2009-05-20 01:47:48,29,70,0,4,False,0,Commits or Issues or PRs missing,1,0,,-1,,66337,409,40630,Issues missing,0.09,0,13,15,84,16.393936110007346,1556,2003-12-20,2004-06-23,12,https://github.com/apache/spamassassin
sqoop,3420640.9166456223,1081,2521,2011-08-04 07:00:07,247,587,0,4,True,-1,97,3,119,,-1,,86084,309,1977,0.08361275214221087,97.81,30,0,6,16,10.714285714285714,191,2011-06-13,2012-03-21,12,https://github.com/apache/sqoop
stanbol,3390509.830874685,2116,297,2010-12-11 08:00:07,-136,75,1,4,True,-2,79,6,0,,-1,,8584,681,6284,0.00662458296330077,27.26,0,10,5,55,20.449796818189295,403,2010-11-15,2012-09-19,12,https://github.com/apache/stanbol
storm,50248924.65036185,2882,17218,2013-11-05 08:00:14,-404,4072,80,6,False,38,334,15,97,,53852,,71786,4386,10177,0.008688570409707297,28.47,43,0,10,19,7.425844809408389,243,2013-09-18,2014-09-17,12,https://github.com/apache/storm
stratos,2242744.1498368895,1825,432,2014-06-03 07:00:07,-946,118,0,5,False,1,98,11,0,,-1,,73520,524,9120,0.011395504117516136,4.04,0,3,36,107,62.16691331449841,438,2013-06-20,2014-05-21,12,https://github.com/apache/stratos
streampipes,2487376.9078014186,6,1317,2018-04-22 20:06:55,-29,175,288,1,False,9,60,39,1114,,2502,,69577,909,10757,0.0,8.44,29,0,0,4,9.66161830120737,133,2019-11-11,2022-11-17,12,https://github.com/apache/streampipes
subversion,5721383.217146743,339,1308,2009-12-31 09:00:10,0,176,0,9,False,0,46,0,0,,-1,,18760,1660,80566,0.015222624468164515,35.31,18,5,120,26,16.6748198585311,289,2009-11-07,2010-02-17,12,https://github.com/apache/subversion
superset,4559071.683918863,19975,134611,2015-07-21 18:55:34,-392,13137,488,11,False,19,1390,345,2450,,42190,,81989,2476,16436,0.0,55.2,25,1,19,65,17.325355018249233,648,2017-05-21,2020-11-19,12,https://github.com/apache/superset
synapse,3625940.604568334,112,184,2009-05-21 01:01:59,-152,54,0,4,False,3,38,6,117,,-1,,12384,347,13258,0.01423424618172977,18.47,0,8,1,44,12.56796166302739,297,2005-08-22,2007-01-02,12,https://github.com/apache/synapse
syncope,4414310.49166312,797,676,2014-10-23 07:00:10,58,176,0,1,False,-4,38,5,371,,-1,,41217,37,13380,0.01218815969410109,22.85,13,6,4,72,22.19816631210347,435,2012-02-10,2012-11-21,12,https://github.com/apache/syncope
systemml,12860556.038354382,2985,110,2015-08-29 01:56:56,19,98,0,3,True,-3,65,3,0,,-1,,84256,69,3298,0.004412125582816249,31.71,0,18,24,86,15.715648096638322,798,2015-11-02,2017-05-18,12,https://github.com/ckadner/systemml
tvm,1446687.8962162163,4339,26287,2016-10-12 22:20:28,-95,3409,84,10,False,29,555,230,1983,,68580,,69491,1059,11666,0.0,65.3,0,18,52,220,11.854565604338873,411,2019-03-06,2020-11-18,12,https://github.com/apache/tvm
tajo,1999797.9251477828,4402,377,2014-03-21 07:00:07,-179,111,4,1,True,-6,72,7,1019,,0,,5507,625,2306,0.027391460117903787,31.25,0,19,17,50,10.736688548504741,427,2013-03-07,2014-04-01,12,https://github.com/apache/tajo
tapestry-5,17459245.647946816,0,327,2012-05-23 07:00:11,0,91,0,1,False,0,0,0,0,,-1,,32728,343,6250,0.03151545845898847,76.94,24,12,11,28,11.935251327085654,460,2003-04-01,2003-05-29,12,https://github.com/apache/tapestry-5
incubator-Tephra,3459915.717818583,982,117,2016-06-02 07:00:07,24,53,0,5,True,-5,53,18,0,,-1,,4585,21,488,0.021598670851024553,85.32,32,1,2,1,60.61860691670726,120,2016-03-07,2019-11-15,12,https://github.com/apache/incubator-Tephra
Tez,3892117.152621719,5735,1345,2013-04-08 07:20:23,-57,415,3,3,False,2,115,6,202,,-1,,79460,2396,1868,0.08101408078270642,74.52,32,2,15,28,11.158180033292075,333,2013-02-24,2014-07-16,12,https://github.com/apache/Tez
Thrift,7075177.10249408,5925,24494,2009-09-18 08:00:17,290,4000,0,8,False,1,497,4,492,,46517,,75524,635,6376,0.09540455024860629,43.09,0,11,25,110,18.036635328374885,608,2008-04-18,2010-10-20,12,https://github.com/apache/Thrift
Tika,2530141.3405298893,581,5366,2009-05-21 02:12:11,-1,754,0,1,False,-1,66,3,2812,,504,,2728,1537,9310,0.00782691773774722,46.71,0,6,8,26,10.635393143091768,301,2007-03-22,2008-10-28,12,https://github.com/apache/Tika
TinkerPop,4837967.293262927,4578,4657,2015-02-07 08:00:05,531,791,20,2,False,-2,168,27,73,,67,,54412,300,20823,0.004410432351142159,58.93,21,5,13,21,15.700786668528604,256,2015-01-16,2016-05-23,12,https://github.com/apache/TinkerPop
myfaces-tobago,21826305.97335807,109,66,2017-08-18 08:17:41,0,24,0,1,False,0,17,0,0,,32606,,72091,352,17050,0.009105875963203097,26.21,33,6,5,13,10.139520422836268,214,2005-10-27,2006-03-23,12,https://github.com/apache/myfaces-tobago
TrafficControl,16071352.59264214,1217,2405,2016-09-02 07:00:06,-105,339,259,6,False,1,93,37,1984,,32651,,71521,2015,12229,0.0,59.94,0,8,16,90,16.921826230403152,582,2016-07-12,2018-05-16,12,https://github.com/apache/TrafficControl
Trafodion,5147353.154423019,10330,648,2015-05-27 07:00:05,111,154,72,1,True,-32,258,128,205,,-1,,74216,889,6423,0.02631017004394394,5.28,0,50,372,1187,28.251238924763477,4510,2015-05-24,2017-12-20,12,https://github.com/apache/Trafodion
myfaces-trinidad,3509566.0565843736,1467,18,2017-08-18 08:18:09,-321,10,0,2,True,0,155,2,1,,-1,,48502,189,5811,0.06274220335855324,317.59,13,2,34,67,21.008669086097356,334,2006-03-08,2007-04-22,12,https://github.com/apache/myfaces-trinidad
Twill,4559486.354592591,918,205,2016-07-29 07:00:06,23,71,2,1,False,-3,73,23,0,,-1,,25856,50,345,0.008817939946788294,35.73,4,0,0,0,1.7449995884434932,85,2013-11-14,2016-06-15,12,https://github.com/apache/Twill
Unomi,46596848.02503785,466,667,2015-11-24 08:00:05,77,125,5,4,False,-8,62,19,436,,83155,,85424,250,2788,0.012532208948231436,18.94,41,0,3,7,5.185333200119892,156,2015-10-05,2019-02-20,12,https://github.com/apache/Unomi
Usergrid,6037019.775566318,1904,2416,2013-11-05 08:00:14,-241,430,71,3,True,-4,134,50,0,,0,,67503,950,10237,0.0009125395977004002,31.89,32,1,24,45,34.117849640114336,184,2013-10-03,2015-08-19,12,https://github.com/apache/Usergrid
VCL,21095761.69957851,899,42,2017-10-17 07:00:08,-180,20,0,2,False,1,54,3,0,,-1,,26424,14,2853,0.04687656171914043,0.0,22,3,13,52,18.33068556764023,380,2008-10-06,2012-06-20,12,https://github.com/apache/VCL
VXQuery,14976894.828093171,268,73,2015-03-17 07:00:06,-151,33,0,3,True,1,27,6,0,,-1,,79696,111,1659,0.010792778649921507,39.18,16,9,2,26,24.185124286681496,355,2009-07-06,2014-07-16,12,https://github.com/apache/VXQuery
Whirr,2167756.2674780684,2192,246,2010-08-12 03:32:41,-39,60,1,2,True,0,85,3,0,,-1,,38749,551,237,0.02645930115128257,66.94,3,0,0,0,11.487964989059082,66,2010-05-11,2011-08-17,12,https://github.com/apache/Whirr
brpc,4524061.065319865,3998,36335,2017-09-04 09:28:47,-25,3935,42,1,False,18,413,95,569,,68077,,78090,1189,2067,0.0,40.3,3,8,16,54,10.599798950072602,1089,2018-11-13,2022-12-22,12,https://github.com/apache/brpc
logging-log4cxx,570062.2258064516,0,651,2017-04-09 07:00:07,103,121,0,2,False,1,4,1,0,,-1,,6378,340,2279,0.0,41.7,29,1,1,7,5.116512380865521,263,2004-01-31,2005-01-11,12,https://github.com/apache/logging-log4cxx
logging-log4net,207890.46666666667,0,1991,2017-04-26 07:00:06,48,319,0,2,False,-1,7,4,150,,17319,,26355,146,2426,0.0,19.21,19,0,4,7,10.179529027745396,208,2004-01-15,2007-02-21,12,https://github.com/apache/logging-log4net
stdcxx,6043082.293008385,2214,150,2009-03-27 15:41:56,-239,26,PRs missing,1,False,1,Commits or Issues or PRs missing,2,0,,PRs missing,,PRs missing,39,2914,0.050818598559266535,85.06,36,3,10,16,15.275858512942147,356,2005-05-19,2007-11-14,12,https://github.com/apache/stdcxx
awf,307880.1031494253,775,217,2011-12-04 19:45:29,0,11,0,1,True,0,15,1,84,,-1,,27485,20,68,0.22739018087855298,0.0,0,0,0,1,0.0,574,2011-07-08,2012-09-16,12,https://github.com/valr/awf
Agila-Theme,5486906.133333334,0,554,2016-02-12 16:10:05,0,50,0,1,True,0,0,0,0,,-1,,793,20,10,0.0,0.0,0,0,8,0,87.26370712513899,22,2004-09-29,2006-12-05,12,https://github.com/arvi/Agila-Theme
SerializerTests,91721.18181818182,0,170,2017-04-13 19:06:57,0,22,0,1,False,0,0,0,0,,-1,,51166,22,81,0.0,0.0,2,0,0,1,11.027686532144534,196,2010-09-21,2011-06-30,12,https://github.com/Alois-xx/SerializerTests
incubator-retired-amaterasu,8753167.2676,123,139,2017-09-27 20:52:34,-73,27,-1,2,False,3,24,9,426,,8382,,65317,98,715,0.0023589963542783618,22.69,2,0,0,1,16.62093296746374,154,2017-09-07,2019-09-18,12,https://github.com/apache/incubator-retired-amaterasu
incubator-ariatosca,2021894.153536083,1977,103,2016-08-28 07:00:07,15,47,-26,2,False,-5,46,14,13,,76543,,46687,39,166,0.05902578796561605,57.47,25,0,0,0,4.990767080900334,85,2016-08-27,2018-07-01,12,https://github.com/apache/incubator-ariatosca
axion,6258837.837991734,0,130,2022-04-21 15:19:36,0,74,0,2,False,0,0,0,0,,-1,,99,8,15,1.0435967302452316,0.0,1,0,0,0,11.00244498777506,70,2003-12-19,2006-01-23,12,https://github.com/qantra-io/axion
incubator-BlueMarlin,49379.07142857143,45,11,2020-07-20 15:22:01,-27,7,7,1,False,2,10,4,0,,-1,,40707,86,119,0.0,70.99,22,1,0,9,29.69393574551676,229,2020-06-09,2022-03-05,12,https://github.com/apache/incubator-BlueMarlin
incubator-retired-Blur,4521682.770293652,1651,100,2014-05-30 07:00:06,380,34,0,1,True,-13,73,23,0,,-1,,3881,156,5120,0.0038594124700239807,14.41,29,2,15,38,32.243305862685865,196,2012-07-24,2017-06-22,12,https://github.com/apache/incubator-retired-Blur
incubator-retired-cmda,811719.8195,71,5,2019-01-25 14:12:13,44,3,PRs missing,1,False,-3,Commits or Issues or PRs missing,4,0,,PRs missing,,PRs missing,8,194,4.965325477085023e-05,3.6,0,11,11,20,83.8036014166237,696,2015-05-08,2017-02-05,12,https://github.com/apache/incubator-retired-cmda
incubator-retired-concerted,217262.16511764706,103,29,2015-10-23 07:00:05,4,7,-6,2,False,-3,11,3,0,,-1,,47918,17,24,0.05303030303030303,45.94,0,0,0,0,19.05805038335159,46,2015-10-14,2016-04-25,12,https://github.com/apache/incubator-retired-concerted
incubator-retired-corinthia,915542.6232045457,221,39,2014-12-18 08:00:05,86,7,PRs missing,2,False,1,Commits or Issues or PRs missing,2,0,,PRs missing,,PRs missing,156,292,0.0008123476848090983,166.51,9,7,12,19,21.299177894907267,590,2014-12-08,2015-11-19,12,https://github.com/apache/incubator-retired-corinthia
incubator-retired-Cotton,2115615.502,18,206,2015-08-01 07:00:05,21,24,PRs missing,1,False,-1,Commits or Issues or PRs missing,0,0,,PRs missing,,PRs missing,19,37,0.03314917127071823,49.07,3,0,0,2,3.0303030303030303,248,2015-06-01,2015-12-01,12,https://github.com/apache/incubator-retired-Cotton
incubator-Crail,1002336.1974666663,329,344,2017-11-30 08:00:09,15,50,0,1,True,-2,34,13,0,,26,,64115,65,373,0.03817365269461078,2.11,18,1,1,3,17.75792837826764,192,2017-11-01,2022-06-20,12,https://github.com/apache/incubator-Crail
incubator-DataLab,16784897.1,55,365,2019-01-11 18:39:39,306,59,3,6,False,-7,67,60,2464,,4465,,60314,824,13306,0.0,9.02,43,2,7,16,32.43964983641347,292,2018-08-20,2023-08-17,12,https://github.com/apache/incubator-DataLab
incubator-retired-Edgent,1980720.908269972,2031,570,2016-03-10 08:00:06,447,140,-121,2,False,-16,67,26,0,,-1,,30009,177,1228,0.00448715403248223,69.01,14,1,1,6,7.370239368265197,430,2016-02-29,2019-11-20,12,https://github.com/apache/incubator-retired-Edgent
incubator-retired-Gearpump,747920.0069191175,2098,687,2016-04-13 07:00:08,39,93,-29,3,False,-7,63,19,0,,-1,,40590,526,1761,0.00637085557898515,25.16,14,0,0,3,3.010179562235135,153,2016-03-08,2018-09-19,12,https://github.com/apache/incubator-retired-Gearpump
incubator-retired-Gossip,3350083.1934470586,562,608,2016-05-28 07:00:05,41,114,-9,2,True,-7,57,16,0,,-1,,34730,26,184,0.015492957746478873,60.95,1,0,0,0,7.396449704142012,62,2016-04-28,2018-08-21,12,https://github.com/apache/incubator-retired-Gossip
incubator-retired-HORN,1318969.9274137933,215,76,2015-09-18 07:00:05,19,18,-8,1,False,-3,21,6,0,,-1,,10730,20,20,0.058091286307053944,3.61,3,0,0,0,35.95406360424028,56,2015-09-04,2017-07-13,12,https://github.com/apache/incubator-retired-HORN
incubator-retired-HTrace,950294.8571021509,2304,290,2015-04-22 07:00:05,112,82,0,2,True,-6,48,12,0,,-1,,44448,117,548,0.06681112314915132,24.41,41,1,6,4,49.915839988539915,285,2014-11-11,2018-04-11,12,https://github.com/apache/incubator-retired-HTrace
incubator-retired-hdt,3467137.7899038466,221,24,2013-01-05 08:00:24,14,10,0,1,False,-1,16,4,0,,-1,,-1,9,126,0.0005319738446193062,0.0,7,0,0,4,31.594267801164353,129,2012-11-09,2014-12-02,12,https://github.com/apache/incubator-retired-hdt
incubator-Heron,3300264.525210084,1256,7891,2015-09-25 16:09:24,439,599,-270,6,False,-22,115,85,752,,47009,,53960,1125,5010,0.0,38.23,45,1,2,12,19.30285821122251,242,2017-06-23,2023-01-18,12,https://github.com/apache/incubator-Heron
incubator-Hivemall,8843883.480771245,819,738,2016-09-15 07:00:08,78,118,-8,1,True,-4,60,25,0,,-1,,19734,355,1744,0.004009401354901148,28.18,45,0,3,12,27.213376139277326,138,2016-09-13,2022-09-01,12,https://github.com/apache/incubator-Hivemall
juice,6750726.324873096,0,6368,2011-10-08 03:14:11,0,216,0,3,False,0,0,0,94,,-1,,72915,198,425,0.0,176.49,6,0,0,0,0.0,46,2004-04-05,2007-10-18,12,https://github.com/Automattic/juice
kabuki,2332527.9,0,169,2011-04-05 20:40:01,0,33,0,1,True,0,0,0,0,,-1,,78819,9,642,0.0,55.41,4,0,0,2,3.036144578313253,146,2006-01-26,2006-06-24,12,https://github.com/hddm-devs/kabuki
kalumet,1541798.81116,92,21,2011-11-06 07:00:10,56,7,0,2,True,-2,10,3,0,,-1,,-1,2,192,0.0017554125219426564,1.01,39,1,7,63,37.65421472427842,547,2011-09-20,2015-11-01,12,https://github.com/apache/kalumet
kato,7279704.277777778,0,102,2014-01-11 00:30:28,0,26,0,1,True,0,0,0,17,,-1,,45185,14,60,0.0,0.0,4,0,0,1,10.593052436930392,223,2008-11-06,2012-08-01,12,https://github.com/DavidRogers/kato
kitty,134491.76710684274,0,46617,2016-10-16 14:48:28,0,923,0,1,False,0,0,0,0,,-1,,59775,59,14372,0.0,4.4,0,10,30,62,2.8500464320985834,524,2010-10-03,2012-10-19,12,https://github.com/kovidgoyal/kitty
incubator-retired-MRQL,346658.7300294118,420,51,2015-04-18 07:00:05,10,17,0,1,True,-2,20,4,0,,-1,,78568,5,164,0.029641185647425898,11.46,16,0,0,3,16.78808307056649,140,2013-03-13,2017-08-17,12,https://github.com/apache/incubator-retired-MRQL
incubator-marvin,Issues missing,Issues missing,237,2018-09-10 02:27:54,13,35,0,3,False,-5,Commits or Issues or PRs missing,20,113,,-1,,62114,141,448,Issues missing,26.73,4,0,0,0,57.36774344569288,87,2018-08-21,2023-03-07,12,https://github.com/apache/incubator-marvin
incubator-Milagro,1805533.4,32,96,2016-02-05 08:00:06,7,12,0,1,True,-6,24,21,46,,0,,15603,140,96,0.0,0.0,5,0,4,0,60.95774647887324,76,2015-12-21,2024-03-21,12,https://github.com/apache/incubator-Milagro
incubator-Myriad,5416660.542429188,919,379,2015-04-04 07:00:05,62,73,0,3,True,-11,85,40,17,,40874,,10142,160,294,0.01335113484646195,16.57,7,0,2,1,9.67164868140112,125,2015-03-01,2020-01-24,12,https://github.com/apache/incubator-Myriad
NPanday,14766849.694194756,1046,44,2010-09-18 07:00:08,66,16,0,3,True,-3,65,7,0,,-1,,40419,109,2021,0.015417028961273494,26.47,43,0,5,14,15.715368785876747,212,2010-08-13,2015-02-08,12,https://github.com/apache/NPanday
incubator-retired-OpenAz,6699475.030000001,33,61,2015-04-11 07:00:06,-14,27,0,2,False,5,16,3,0,,-1,,38646,4,68,0.0,122.04,12,7,6,32,18.357226748196343,463,2015-01-20,2016-08-26,12,https://github.com/apache/incubator-retired-OpenAz
incubator-pagespeed-ngx,968048.6223300971,1960,9104,2012-06-23 18:30:14,12,362,-6,2,True,-2,75,10,6,,27452,,69674,218,5893,0.0,18.44,10,1,1,3,1.2067039106145252,238,2017-09-30,2023-03-17,12,https://github.com/apache/incubator-pagespeed-ngx
PhotArk,1275150.7811744187,445,27,2010-08-12 03:32:41,19,7,0,1,True,-2,28,5,0,,-1,,21040,3,411,0.011805998723675814,5.97,9,0,0,0,12.169826608329283,84,2008-08-19,2012-12-29,12,https://github.com/apache/PhotArk
incubator-retired-Pirk,459950.6767878788,526,140,2016-06-19 07:00:06,229,26,-87,1,False,-6,25,6,0,,-1,,39786,76,219,7.052426831071627e-05,30.61,2,0,0,7,10.272678185745141,184,2016-06-17,2017-04-17,12,https://github.com/apache/incubator-retired-Pirk
incubator-retired-Provisionr,2026989.1019736845,188,20,2013-06-12 07:00:18,6,10,PRs missing,1,False,-1,Commits or Issues or PRs missing,1,0,,PRs missing,,PRs missing,26,325,0.0037344398340248964,51.75,2,0,0,0,4.443282801881861,54,2013-03-07,2013-11-22,12,https://github.com/apache/incubator-retired-Provisionr
incubator-retired-Quickstep,2337116.0478026313,1007,250,2016-04-14 07:00:07,335,62,-38,1,False,-28,66,41,0,,-1,,81980,619,781,0.0023319730157408177,34.42,12,1,9,46,18.41480778357855,405,2016-03-29,2018-12-01,12,https://github.com/apache/incubator-retired-Quickstep
incubator-retired-Ripple,1882096.3603880606,295,401,2013-04-08 07:20:21,51,59,2,2,False,-1,122,26,0,,-1,,39544,138,1006,0.008267090620031796,47.79,11,0,1,0,18.395158909770736,99,2012-10-16,2015-12-06,12,https://github.com/apache/incubator-retired-Ripple
incubator-S2Graph,893649.1321401881,1248,607,2016-01-08 08:00:06,39,71,-26,1,False,-8,46,18,0,,-1,,65006,165,1527,0.0031858161922570815,23.31,35,0,0,5,14.618882535680518,147,2015-11-29,2020-11-29,12,https://github.com/apache/incubator-S2Graph
incubator-retired-S4,3399857.8829481476,757,100,2012-01-13 08:00:11,116,18,0,1,False,-7,50,15,0,,-1,,49954,163,542,0.0026980439181593344,42.98,2,0,0,0,5.2032201060278815,73,2011-09-26,2014-06-19,12,https://github.com/apache/incubator-retired-S4
incubator-SAMOA,3646513.6635942035,626,600,2015-01-27 08:00:05,16,108,-16,1,True,-2,63,25,0,,-1,,12867,23,134,0.00611974859411181,9.26,34,0,1,3,15.059015059015058,118,2014-12-15,2021-03-11,12,https://github.com/apache/incubator-SAMOA
Sirona,137932.09630188678,199,273,2013-10-24 07:00:14,258,55,-1,1,True,-3,19,5,0,,-1,,10388,82,829,0.004084609773887673,15.42,33,1,6,7,3.6123853211009176,154,2013-10-15,2017-07-03,12,https://github.com/apache/Sirona
incubator-retired-Slider,1102097.0148664808,6024,229,2014-05-22 07:00:07,330,73,0,1,False,-8,122,20,0,,-1,,4634,205,2508,0.0381253035454104,58.08,37,1,7,13,10.035027765912004,260,2014-04-29,2018-05-24,12,https://github.com/apache/incubator-retired-Slider
socialsite,Issues missing,Issues missing,12,2010-01-10 17:18:30,0,2,PRs missing,1,False,0,Commits or Issues or PRs missing,2,0,,PRs missing,,PRs missing,2,214,Issues missing,10.52,1,0,1,0,13.401129943502825,95,2009-05-08,2010-10-17,12,https://github.com/ananthakumaran/socialsite
incubator-spot,25025814.591078702,1104,920,2016-09-27 07:00:07,230,224,-1,3,True,-15,164,61,0,,74344,,70012,269,643,0.003248457802861268,11.03,21,0,1,3,33.12075186708064,138,2016-09-23,2023-03-17,12,https://github.com/apache/incubator-spot
stonehenge,11605642.9375,0,128,2018-06-02 20:43:24,0,6,0,1,False,0,0,0,612,,0,,33948,158,494,0.0,0.0,0,0,0,0,0.0,0,2008-11-19,2011-07-05,12,https://github.com/druidfi/stonehenge
tsik,84262.0,3,0,2015-05-23 05:12:29,0,0,PRs missing,0,True,0,Commits or Issues or PRs missing,0,0,,PRs missing,,PRs missing,1,1,0.0,0.0,0,0,0,0,NaN,0,2005-05-17,2006-03-21,12,https://github.com/grnq/tsik
incubator-retired-tamaya,4928680.0959913805,2378,124,2014-11-21 08:00:09,324,36,-5,1,False,-10,59,21,0,,3294,,31226,44,1589,0.012712975098296199,117.13,4,0,0,0,10.370511841100077,64,2014-11-14,2020-04-30,12,https://github.com/apache/incubator-retired-tamaya
tashi,17145295.379666667,67,28,2012-07-11 07:00:13,-86,10,0,2,False,1,13,1,0,,-1,,-1,6,557,0.010778443113772455,0.0,3,1,0,2,12.309175638759442,594,2008-09-04,2012-10-02,12,https://github.com/apache/tashi
incubator-taverna-language,17886872.34138368,744,70,2015-02-18 08:00:05,56,26,0,2,True,-3,67,15,0,,-1,,56304,242,3367,0.041748406081412455,68.17,29,0,2,6,6.384852487890797,195,2014-10-20,2020-02-20,12,https://github.com/apache/incubator-taverna-language
incubator-Tuweni,23168823.115942027,274,413,2019-03-29 19:02:36,121,75,-2,1,False,-7,45,30,18,,0,,44633,114,1554,0.0,1480.21,22,0,2,13,22.019441016648265,310,2019-03-25,2023-07-29,12,https://github.com/apache/incubator-Tuweni
incubator-warble-server,Issues missing,Issues missing,4,2018-06-14 13:38:07,84,2,PRs missing,1,False,-1,Commits or Issues or PRs missing,1,0,,PRs missing,,PRs missing,4,80,Issues missing,0.0,8,0,2,1,14.113740141137402,129,2018-06-11,2020-11-29,12,https://github.com/apache/incubator-warble-server
incubator-retired-Wave,5806070.629273417,1482,515,2013-12-17 08:00:14,1,95,0,1,False,-1,120,22,0,,-1,,70961,89,1065,0.0017048343519137014,38.81,37,2,7,13,5.090168432213242,397,2010-12-04,2018-01-15,12,https://github.com/apache/incubator-retired-Wave
incubator-retired-Weex,973964.6311881188,3184,29346,2017-01-06 08:00:06,1653,1816,10,2,False,-62,547,241,1284,,53764,,75674,1688,10419,0.0,3.72,7,12,47,31,9.752025071498297,2394,2016-11-30,2021-05-12,12,https://github.com/apache/incubator-retired-Weex
incubator-batchee,Issues missing,Issues missing,47,2013-11-05 08:00:13,40,19,PRs missing,1,True,-3,Commits or Issues or PRs missing,8,0,,PRs missing,,PRs missing,14,267,Issues missing,34.75,29,0,1,3,8.251732233865887,126,2013-10-03,2019-12-10,12,https://github.com/apache/incubator-batchee
iotdb,1025551.7056,244,9638,2018-11-24 21:29:17,-339,974,PRs missing,15,False,20,Commits or Issues or PRs missing,46,0,,PRs missing,,PRs missing,2719,13733,0.0,64.14,0,7,32,109,18.0880928436133,669,2018-11-18,2020-09-18,12,https://github.com/apache/iotdb
kvrocks,1092952.5366726296,1617,7192,2019-08-15 06:04:51,12,436,PRs missing,2,False,-3,Commits or Issues or PRs missing,38,0,,PRs missing,,PRs missing,453,2282,0.0,69.73,7,3,7,19,8.963407595521183,343,2022-04-23,2023-07-21,12,https://github.com/apache/kvrocks
Ratis,Issues missing,Issues missing,2871,2017-01-31 08:00:07,-62,409,PRs missing,2,False,9,Commits or Issues or PRs missing,36,0,,PRs missing,,PRs missing,156,2116,Issues missing,49.82,11,0,1,2,4.234929359123419,108,2017-01-03,2021-02-17,12,https://github.com/apache/Ratis
TrafficServer,9228386.34092171,0,4290,2009-10-31 08:00:10,-212,782,0,10,False,9,12,0,9263,,22910,,44150,1076,20497,0.0,29.57,39,1,43,5,8.03715528392061,178,2009-07-13,2010-04-21,12,https://github.com/apache/TrafficServer
Wicket,Issues missing,Issues missing,1839,2009-05-21 01:51:51,498,391,PRs missing,5,False,2,Commits or Issues or PRs missing,0,0,,PRs missing,,PRs missing,419,33986,Issues missing,74.18,38,1,8,16,4.351465496467843,203,2006-08-28,2007-06-20,12,https://github.com/apache/Wicket
Wink,Issues missing,Issues missing,65,2009-07-10 08:00:18,244,25,PRs missing,2,True,-7,Commits or Issues or PRs missing,11,0,,PRs missing,,PRs missing,43,922,Issues missing,106.63,37,3,0,9,19.861839086012417,338,2009-05-27,2012-12-19,12,https://github.com/apache/Wink
Wookie,Issues missing,Issues missing,21,2014-02-03 08:00:07,-43,9,PRs missing,1,True,2,Commits or Issues or PRs missing,5,0,,PRs missing,,PRs missing,217,1838,Issues missing,23.02,38,0,6,7,31.58993306302632,125,2009-07-17,2012-11-22,12,https://github.com/apache/Wookie
XMLBeans,Issues missing,Issues missing,165,2009-08-06 08:06:50,-281,63,0,2,False,-1,Commits or Issues or PRs missing,1,0,,-1,,50460,231,1953,Issues missing,107.43,0,16,20,55,9.475493274283636,434,2003-07-30,2004-06-23,12,https://github.com/apache/XMLBeans
cTAKES,Issues missing,Issues missing,91,2022-11-29 13:43:35,0,9,PRs missing,1,False,0,Commits or Issues or PRs missing,0,0,,PRs missing,,PRs missing,13,104,Issues missing,5.02,0,14,19,88,42.343942459968325,833,2012-06-11,2013-03-20,12,https://github.com/apache/cTAKES
geronimo-yoko,Issues missing,Issues missing,18,2009-07-01 08:14:50,0,14,0,2,True,0,Commits or Issues or PRs missing,0,0,,-1,,23,11,336,Issues missing,44.29,15,7,18,31,34.67009396113031,421,2006-01-31,2007-12-17,12,https://github.com/apache/geronimo-yoko
ZetaComponents,Issues missing,Issues missing,106,2011-03-06 08:00:07,58,16,0,1,False,-2,Commits or Issues or PRs missing,5,0,,-1,,56099,1334,6522,Issues missing,147.84,11,2,17,55,29.035284446787408,260,2010-05-21,2012-04-20,12,https://github.com/apache/ZetaComponents
Zipkin,Issues missing,Issues missing,36771,2012-06-06 18:26:16,-81,3075,PRs missing,1,False,6,Commits or Issues or PRs missing,8,0,,PRs missing,,PRs missing,797,4191,Issues missing,97.77,29,0,0,1,3.8971845961814062,141,2018-08-29,2019-06-19,12,https://github.com/apache/Zipkin
incubator-retired-iota,Issues missing,Issues missing,99,2016-02-06 08:00:06,1,33,PRs missing,2,False,-1,Commits or Issues or PRs missing,11,0,,PRs missing,,PRs missing,37,155,Issues missing,76.0,2,0,0,0,15.654688145394465,43,2016-01-20,2018-02-15,12,https://github.com/apache/incubator-retired-iota
streams,Issues missing,0,197,2014-03-18 07:00:06,113,47,15,1,False,-6,36,29,884,,2854,,52879,230,1804,0.0,27.44,33,0,2,1,31.99697632353338,112,2012-11-20,2017-07-19,12,https://github.com/apache/streams
YuniKorn-core,Issues missing,Issues missing,Repo info missing,Repo info missing,23,Repo info missing,PRs missing,4,False,1,Commits or Issues or PRs missing,25,0,,PRs missing,,PRs missing,121,938,Issues missing,189.87,34,0,4,0,3.1213789107763614,92,2020-01-21,2022-03-16,12,https://github.com/apache/YuniKorn-core
Zeppelin,Issues missing,Issues missing,Repo info missing,Repo info missing,169,Repo info missing,PRs missing,5,False,29,Commits or Issues or PRs missing,69,0,,PRs missing,,PRs missing,1282,5864,Issues missing,35.4,20,3,8,23,16.59668652149855,455,2014-12-23,2016-05-18,12,https://github.com/apache/Zeppelin
jUDDI,Issues missing,Issues missing,Repo info missing,Repo info missing,-25,Repo info missing,0,2,False,1,Commits or Issues or PRs missing,0,0,,-1,,84452,173,3043,Issues missing,16.47,24,5,31,24,51.4072461514539,439,2003-09-15,2004-03-17,12,https://github.com/apache/jUDDI
jclouds,Issues missing,Issues missing,Repo info missing,Repo info missing,4,Repo info missing,PRs missing,3,False,0,Commits or Issues or PRs missing,0,0,,PRs missing,,PRs missing,538,12101,Issues missing,79.03,12,4,1,16,11.556166485518828,210,2013-04-29,2013-10-16,12,https://github.com/apache/jclouds
NetBeans,2133789.239591516,0,6027,2017-09-01 07:00:11,-241,835,159,2,False,32,150,97,5061,,72166,,5772,1584,10109,0.0033561969508432224,32.87,0,50,523,1844,26.921600313324483,2498,2016-10-01,2019-04-17,12,https://github.com/apache/NetBeans
openoffice,Issues missing,Issues missing,2158,2013-11-13 08:00:13,-1056,308,0,2,False,14,Commits or Issues or PRs missing,11,4061,,53896,,34837,475,17091,Issues missing,5.69,0,50,179,650,18.55635109421168,2010,2011-06-13,2012-10-17,12,https://github.com/apache/openoffice
PLC4X,11618259.974489795,0,2796,2017-12-20 08:00:09,223,390,10,2,False,-1,26,8,3669,,3940,,72265,395,8525,0.0011259210199519828,18.03,0,50,63,531,17.64623854007044,5637,2017-12-18,2019-04-17,12,https://github.com/apache/PLC4X
ODFToolkit,Issues missing,Issues missing,94,2012-07-28 07:00:12,1014,24,0,1,True,-3,Commits or Issues or PRs missing,10,0,,-1,,-1,120,1200,Issues missing,13.97,30,2,17,23,63.75281461095822,259,2011-08-01,2018-11-27,12,https://github.com/apache/ODFToolkit
incubator-NuttX,1342959.747826087,2884,6071,2019-12-14 23:27:55,-222,1059,261,6,False,25,438,248,2067,,45510,,67554,6816,46970,0.0,0.02,0,50,452,1230,36.079517770384086,1513,2019-12-09,2022-11-17,12,https://github.com/apache/incubator-NuttX
